,ts_code,trade_date,open,close,high,low,pre_close,change,pct_chg,swing,vol
0,SPX,20080508,1394.29,1397.68,1402.35,1389.39,1392.57,5.11,0.37,0.93,
1,SPX,20080507,1417.83,1392.57,1419.54,1391.16,1418.26,-25.69,-1.81,2.0,
2,SPX,20080506,1407.44,1418.26,1421.57,1397.1,1407.49,10.76,0.76,1.74,
3,SPX,20080505,1412.77,1407.49,1415.7,1404.37,1413.9,-6.4,-0.45,0.8,
4,SPX,20080502,1409.34,1413.9,1422.72,1406.25,1409.34,4.56,0.32,1.17,
5,SPX,20080501,1385.97,1409.34,1410.07,1383.07,1385.59,23.75,1.71,1.95,
6,SPX,20080430,1390.88,1385.59,1404.57,1384.25,1390.94,-5.35,-0.38,1.46,
7,SPX,20080429,1396.34,1390.94,1397.0,1386.7,1396.37,-5.43,-0.39,0.74,
8,SPX,20080428,1397.78,1396.37,1402.9,1394.4,1397.84,-1.48,-0.11,0.61,
9,SPX,20080425,1387.88,1397.84,1399.11,1379.98,1388.82,9.02,0.65,1.38,
10,SPX,20080424,1380.52,1388.82,1397.72,1371.09,1379.93,8.89,0.64,1.93,
11,SPX,20080423,1375.93,1379.93,1387.87,1372.24,1375.94,3.99,0.29,1.14,
12,SPX,20080422,1386.43,1375.94,1386.43,1369.84,1388.17,-12.22,-0.88,1.2,
13,SPX,20080421,1390.29,1388.17,1390.23,1379.25,1390.33,-2.16,-0.16,0.79,
14,SPX,20080418,1369.0,1390.33,1395.9,1369.0,1365.56,24.77,1.81,1.97,
15,SPX,20080417,1363.37,1365.56,1368.6,1357.25,1364.71,0.85,0.06,0.83,
16,SPX,20080416,1337.02,1364.71,1365.49,1337.02,1334.43,30.27,2.27,2.13,
17,SPX,20080415,1331.72,1334.43,1337.72,1324.35,1328.32,6.12,0.46,1.01,
18,SPX,20080414,1332.81,1328.32,1335.64,1326.16,1332.83,-4.51,-0.34,0.71,
19,SPX,20080411,1357.98,1332.83,1357.98,1331.21,1360.55,-27.72,-2.04,1.97,
20,SPX,20080410,1354.42,1360.55,1367.24,1350.11,1354.49,6.06,0.45,1.26,
21,SPX,20080409,1365.5,1354.49,1368.39,1349.97,1365.54,-11.05,-0.81,1.35,
22,SPX,20080408,1370.16,1365.54,1370.16,1360.62,1372.54,-7.0,-0.51,0.7,
23,SPX,20080407,1370.39,1372.54,1386.74,1369.02,1370.4,2.14,0.16,1.29,
24,SPX,20080404,1369.29,1370.4,1380.91,1362.83,1369.31,1.09,0.08,1.32,
25,SPX,20080403,1367.52,1369.31,1375.66,1358.68,1367.53,1.78,0.13,1.24,
26,SPX,20080402,1369.96,1367.53,1377.95,1361.55,1370.18,-2.65,-0.19,1.2,
27,SPX,20080401,1326.41,1370.18,1370.18,1326.41,1322.7,47.47,3.59,3.31,
28,SPX,20080331,1315.92,1322.7,1328.52,1312.81,1315.22,7.49,0.57,1.19,
29,SPX,20080328,1325.7,1315.22,1334.87,1312.95,1325.76,-10.55,-0.8,1.65,
30,SPX,20080327,1340.34,1325.76,1345.62,1325.66,1341.13,-15.36,-1.15,1.49,
31,SPX,20080326,1352.95,1341.13,1352.45,1336.41,1352.99,-11.86,-0.88,1.19,
32,SPX,20080325,1349.87,1352.99,1357.47,1341.21,1349.88,3.1,0.23,1.2,
33,SPX,20080324,1330.29,1349.88,1359.68,1330.29,1329.51,20.38,1.53,2.21,
34,SPX,20080320,1299.67,1329.51,1330.67,1295.22,1298.42,31.09,2.39,2.73,
35,SPX,20080319,1330.72,1298.42,1341.51,1298.42,1330.74,-32.31,-2.43,3.24,
36,SPX,20080318,1276.57,1330.74,1330.74,1277.16,1276.6,54.14,4.24,4.2,
37,SPX,20080317,1283.21,1276.6,1287.5,1256.98,1288.14,-11.54,-0.9,2.37,
38,SPX,20080314,1315.45,1288.14,1321.47,1274.86,1315.48,-27.34,-2.08,3.54,
39,SPX,20080313,1305.26,1315.48,1321.68,1282.11,1308.77,6.71,0.51,3.02,
40,SPX,20080312,1321.13,1308.77,1333.26,1307.86,1320.65,-11.88,-0.9,1.92,
41,SPX,20080311,1274.4,1320.65,1320.65,1274.4,1273.37,47.28,3.71,3.63,
42,SPX,20080310,1293.16,1273.37,1295.01,1272.66,1293.37,-20.0,-1.55,1.73,
43,SPX,20080307,1301.53,1293.37,1313.24,1282.43,1304.34,-10.97,-0.84,2.36,
44,SPX,20080306,1332.2,1304.34,1332.2,1303.42,1333.7,-29.36,-2.2,2.16,
45,SPX,20080305,1326.3,1333.7,1344.19,1320.22,1326.75,6.95,0.52,1.81,
46,SPX,20080304,1331.33,1326.75,1331.03,1307.39,1331.34,-4.58,-0.34,1.78,
47,SPX,20080303,1330.6,1331.34,1335.13,1320.04,1330.63,0.7,0.05,1.13,
48,SPX,20080229,1367.64,1330.63,1364.07,1325.42,1367.68,-37.05,-2.71,2.83,
49,SPX,20080228,1379.86,1367.68,1378.16,1363.16,1380.02,-12.34,-0.89,1.09,
50,SPX,20080227,1378.95,1380.02,1388.34,1372.0,1381.29,-1.26,-0.09,1.18,
51,SPX,20080226,1371.76,1381.29,1387.34,1363.29,1371.8,9.49,0.69,1.75,
52,SPX,20080225,1352.75,1371.8,1374.36,1346.03,1353.11,18.68,1.38,2.09,
53,SPX,20080222,1342.39,1353.11,1354.3,1327.04,1342.53,10.58,0.79,2.03,
54,SPX,20080221,1359.57,1342.53,1367.94,1339.34,1360.03,-17.5,-1.29,2.1,
55,SPX,20080220,1348.39,1360.03,1363.71,1336.55,1348.78,11.25,0.83,2.01,
56,SPX,20080219,1349.98,1348.78,1367.28,1345.05,1349.99,-1.22,-0.09,1.65,
57,SPX,20080215,1348.78,1349.99,1350.0,1338.13,1348.86,1.13,0.08,0.88,
58,SPX,20080214,1367.33,1348.86,1368.16,1347.31,1367.21,-18.35,-1.34,1.53,
59,SPX,20080213,1348.35,1367.21,1369.23,1350.78,1348.86,18.35,1.36,1.37,
60,SPX,20080212,1339.08,1348.86,1362.1,1339.36,1339.13,9.73,0.73,1.7,
61,SPX,20080211,1331.22,1339.13,1341.4,1320.32,1331.29,7.83,0.59,1.58,
62,SPX,20080208,1336.88,1331.29,1341.22,1321.06,1336.91,-5.61,-0.42,1.51,
63,SPX,20080207,1324.01,1336.91,1347.16,1316.75,1326.45,10.46,0.79,2.29,
64,SPX,20080206,1339.48,1326.45,1351.96,1324.34,1336.64,-10.19,-0.76,2.07,
65,SPX,20080205,1380.28,1336.64,1380.28,1336.64,1380.82,-44.18,-3.2,3.16,
66,SPX,20080204,1395.41,1380.82,1395.38,1379.69,1395.42,-14.59,-1.05,1.12,
67,SPX,20080201,1378.55,1395.42,1396.02,1375.93,1378.55,16.87,1.22,1.46,
68,SPX,20080131,1351.98,1378.55,1385.62,1334.08,1355.81,22.73,1.68,3.8,
69,SPX,20080130,1362.23,1355.81,1385.86,1352.95,1362.3,-6.48,-0.48,2.42,
70,SPX,20080129,1353.89,1362.3,1364.93,1350.19,1353.97,8.33,0.61,1.09,
71,SPX,20080128,1330.59,1353.97,1353.97,1322.26,1330.61,23.37,1.76,2.38,
72,SPX,20080125,1357.32,1330.61,1368.56,1327.5,1352.07,-21.47,-1.59,3.04,
73,SPX,20080124,1340.13,1352.07,1355.15,1334.31,1338.6,13.47,1.01,1.56,
74,SPX,20080123,1310.41,1338.6,1339.09,1270.05,1310.5,28.1,2.14,5.27,
75,SPX,20080122,1312.94,1310.5,1322.09,1274.29,1325.19,-14.69,-1.11,3.61,
76,SPX,20080118,1333.9,1325.19,1350.28,1312.51,1333.25,-8.06,-0.6,2.83,
77,SPX,20080117,1374.79,1333.25,1377.72,1330.67,1373.2,-39.95,-2.91,3.43,
78,SPX,20080116,1377.41,1373.2,1391.99,1364.27,1380.95,-7.75,-0.56,2.01,
79,SPX,20080115,1416.24,1380.95,1411.88,1380.6,1416.25,-35.31,-2.49,2.21,
80,SPX,20080114,1401.02,1416.25,1417.89,1402.91,1401.02,15.24,1.09,1.07,
81,SPX,20080111,1419.91,1401.02,1419.91,1394.83,1420.33,-19.32,-1.36,1.77,
82,SPX,20080110,1406.78,1420.33,1429.07,1395.3,1409.13,11.2,0.8,2.4,
83,SPX,20080109,1390.08,1409.13,1409.19,1378.7,1390.19,18.94,1.36,2.19,
84,SPX,20080108,1415.71,1390.19,1430.28,1388.3,1416.18,-25.99,-1.84,2.96,
85,SPX,20080107,1411.62,1416.18,1423.87,1403.45,1411.63,4.55,0.32,1.45,
86,SPX,20080104,1447.16,1411.63,1444.01,1411.19,1447.16,-35.53,-2.46,2.27,
87,SPX,20080103,1447.55,1447.16,1456.8,1443.73,1447.16,0.01,0.0,0.9,
88,SPX,20080102,1468.07,1447.16,1471.77,1442.07,1468.36,-21.2,-1.44,2.02,
89,SPX,20071231,1475.25,1468.36,1475.83,1465.13,1478.49,-10.13,-0.69,0.72,
90,SPX,20071228,1476.23,1478.49,1487.9,1471.74,1476.37,2.12,0.14,1.09,
91,SPX,20071227,1497.23,1476.37,1495.05,1475.86,1497.66,-21.29,-1.42,1.28,
92,SPX,20071226,1496.43,1497.66,1498.85,1488.2,1496.45,1.21,0.08,0.71,
93,SPX,20071224,1484.55,1496.45,1497.63,1484.55,1484.46,11.99,0.81,0.88,
94,SPX,20071221,1463.19,1484.46,1485.4,1463.19,1460.12,24.35,1.67,1.52,
95,SPX,20071220,1452.62,1460.12,1461.53,1447.22,1453.0,7.12,0.49,0.98,
96,SPX,20071219,1454.94,1453.0,1464.4,1445.49,1454.98,-1.98,-0.14,1.3,
97,SPX,20071218,1445.92,1454.98,1460.16,1435.65,1445.9,9.08,0.63,1.7,
98,SPX,20071217,1465.05,1445.9,1467.92,1445.46,1467.95,-22.05,-1.5,1.53,
99,SPX,20071214,1486.19,1467.95,1488.39,1467.87,1488.41,-20.46,-1.37,1.38,
100,SPX,20071213,1486.54,1488.41,1489.4,1469.21,1486.59,1.82,0.12,1.36,
101,SPX,20071212,1477.46,1486.59,1511.96,1468.23,1477.65,8.94,0.61,2.96,
102,SPX,20071211,1515.94,1477.65,1523.57,1475.99,1515.96,-38.31,-2.53,3.14,
103,SPX,20071210,1505.11,1515.96,1518.27,1504.96,1504.66,11.3,0.75,0.88,
104,SPX,20071207,1508.6,1504.66,1510.41,1502.71,1507.34,-2.68,-0.18,0.51,
105,SPX,20071206,1484.59,1507.34,1508.02,1482.19,1485.01,22.34,1.5,1.74,
106,SPX,20071205,1465.22,1485.01,1485.85,1462.06,1462.79,22.22,1.52,1.63,
107,SPX,20071204,1471.34,1462.79,1471.34,1460.66,1472.42,-9.63,-0.65,0.73,
108,SPX,20071203,1479.63,1472.42,1481.16,1470.08,1481.14,-8.73,-0.59,0.75,
109,SPX,20071130,1469.72,1481.14,1488.74,1469.72,1469.72,11.43,0.78,1.29,
110,SPX,20071129,1468.92,1469.72,1473.81,1458.36,1469.02,0.7,0.05,1.05,
111,SPX,20071128,1432.95,1469.02,1471.62,1432.95,1428.23,40.79,2.86,2.71,
112,SPX,20071127,1409.59,1428.23,1429.49,1407.43,1407.22,21.01,1.49,1.57,
113,SPX,20071126,1440.74,1407.22,1446.09,1406.1,1440.7,-33.49,-2.32,2.78,
114,SPX,20071123,1416.61,1440.7,1440.86,1417.62,1416.77,23.93,1.69,1.64,
115,SPX,20071121,1434.71,1416.77,1436.4,1415.64,1439.7,-22.94,-1.59,1.44,
116,SPX,20071120,1434.51,1439.7,1452.64,1419.28,1433.27,6.43,0.45,2.33,
117,SPX,20071119,1458.71,1433.27,1456.7,1430.42,1458.74,-25.47,-1.75,1.8,
118,SPX,20071116,1451.11,1458.74,1462.18,1443.99,1451.15,7.59,0.52,1.25,
119,SPX,20071115,1468.04,1451.15,1472.67,1443.49,1470.58,-19.43,-1.32,1.98,
120,SPX,20071114,1483.4,1470.58,1492.14,1466.47,1481.05,-10.47,-0.71,1.73,
121,SPX,20071113,1441.35,1481.05,1481.37,1441.35,1439.18,41.87,2.91,2.78,
122,SPX,20071112,1453.66,1439.18,1464.94,1438.53,1453.7,-14.51,-1.0,1.82,
123,SPX,20071109,1467.59,1453.7,1474.09,1448.51,1474.77,-21.08,-1.43,1.73,
124,SPX,20071108,1475.56,1474.77,1482.5,1450.31,1475.62,-0.85,-0.06,2.18,
125,SPX,20071107,1515.46,1475.62,1515.46,1475.04,1520.27,-44.65,-2.94,2.66,
126,SPX,20071106,1505.33,1520.27,1520.77,1499.07,1502.17,18.1,1.2,1.44,
127,SPX,20071105,1505.61,1502.17,1510.84,1489.95,1509.65,-7.48,-0.5,1.38,
128,SPX,20071102,1508.38,1509.65,1513.15,1492.53,1508.44,1.21,0.08,1.37,
129,SPX,20071101,1549.01,1508.44,1545.79,1506.66,1549.38,-40.93,-2.64,2.53,
130,SPX,20071031,1530.93,1549.38,1552.76,1529.4,1531.02,18.36,1.2,1.53,
131,SPX,20071030,1540.95,1531.02,1539.42,1529.55,1540.98,-9.96,-0.65,0.64,
132,SPX,20071029,1535.06,1540.98,1544.67,1536.43,1535.28,5.7,0.37,0.54,
133,SPX,20071026,1522.17,1535.28,1535.53,1520.18,1514.4,20.87,1.38,1.01,
134,SPX,20071025,1515.86,1514.4,1523.24,1500.46,1515.88,-1.48,-0.1,1.5,
135,SPX,20071024,1519.57,1515.88,1517.23,1489.56,1519.59,-3.71,-0.24,1.82,
136,SPX,20071023,1509.3,1519.59,1520.01,1503.61,1506.33,13.26,0.88,1.09,
137,SPX,20071022,1500.6,1506.33,1508.06,1490.4,1500.63,5.7,0.38,1.18,
138,SPX,20071019,1540.08,1500.63,1540.0,1500.26,1540.08,-39.45,-2.56,2.58,
139,SPX,20071018,1541.2,1540.08,1542.79,1531.76,1541.24,-1.16,-0.08,0.72,
140,SPX,20071017,1538.39,1541.24,1550.66,1526.01,1538.53,2.71,0.18,1.6,
141,SPX,20071016,1547.81,1538.53,1547.81,1536.29,1548.71,-10.18,-0.66,0.74,
142,SPX,20071015,1561.78,1548.71,1564.74,1540.81,1561.8,-13.09,-0.84,1.53,
143,SPX,20071012,1554.4,1561.8,1563.03,1554.09,1554.41,7.39,0.48,0.58,
144,SPX,20071011,1564.72,1554.41,1576.09,1546.72,1562.47,-8.07,-0.52,1.88,
145,SPX,20071010,1564.98,1562.47,1565.36,1555.46,1565.15,-2.68,-0.17,0.63,
146,SPX,20071009,1552.55,1565.15,1565.27,1551.81,1552.58,12.57,0.81,0.87,
147,SPX,20071008,1553.71,1552.58,1556.51,1549.0,1557.59,-5.01,-0.32,0.48,
148,SPX,20071005,1543.84,1557.59,1561.91,1543.84,1542.84,14.76,0.96,1.17,
149,SPX,20071004,1539.57,1542.84,1544.02,1537.63,1539.59,3.24,0.21,0.42,
150,SPX,20071003,1546.33,1539.59,1545.84,1536.34,1546.63,-7.04,-0.46,0.61,
151,SPX,20071002,1546.96,1546.63,1548.01,1540.37,1547.04,-0.4,-0.03,0.49,
152,SPX,20071001,1527.29,1547.04,1549.02,1527.25,1526.75,20.29,1.33,1.43,
153,SPX,20070928,1531.24,1526.75,1533.74,1521.99,1531.38,-4.63,-0.3,0.77,
154,SPX,20070927,1525.36,1531.38,1532.46,1525.81,1525.42,5.95,0.39,0.44,
155,SPX,20070926,1518.62,1525.42,1529.39,1518.62,1517.21,8.21,0.54,0.71,
156,SPX,20070925,1516.34,1517.21,1518.27,1507.13,1517.73,-0.52,-0.03,0.73,
157,SPX,20070924,1525.75,1517.73,1530.18,1516.15,1525.75,-8.01,-0.53,0.92,
158,SPX,20070921,1518.75,1525.75,1530.89,1518.75,1518.75,7.0,0.46,0.8,
159,SPX,20070920,1528.69,1518.75,1529.14,1516.42,1529.03,-10.28,-0.67,0.83,
160,SPX,20070919,1519.75,1529.03,1538.74,1519.75,1519.78,9.25,0.61,1.25,
161,SPX,20070918,1476.63,1519.78,1519.89,1476.63,1476.65,43.13,2.92,2.93,
162,SPX,20070917,1484.24,1476.65,1484.24,1471.82,1484.25,-7.6,-0.51,0.84,
163,SPX,20070914,1482.4,1484.25,1485.99,1473.18,1483.95,0.3,0.02,0.86,
164,SPX,20070913,1471.47,1483.95,1489.58,1471.47,1471.56,12.39,0.84,1.23,
165,SPX,20070912,1471.1,1471.56,1479.5,1465.75,1471.49,0.07,0.0,0.93,
166,SPX,20070911,1452.95,1471.49,1472.48,1451.69,1451.7,19.79,1.36,1.43,
167,SPX,20070910,1453.5,1451.7,1462.25,1439.29,1453.55,-1.86,-0.13,1.58,
168,SPX,20070907,1478.55,1453.55,1478.55,1449.07,1478.55,-24.99,-1.69,1.99,
169,SPX,20070906,1472.03,1478.55,1481.49,1467.41,1472.29,6.26,0.43,0.96,
170,SPX,20070905,1488.76,1472.29,1488.76,1466.34,1489.42,-17.13,-1.15,1.51,
171,SPX,20070904,1473.96,1489.42,1496.4,1472.15,1473.99,15.43,1.05,1.65,
172,SPX,20070831,1457.61,1473.99,1481.47,1457.61,1457.64,16.35,1.12,1.64,
173,SPX,20070830,1463.67,1457.64,1468.43,1451.25,1463.76,-6.12,-0.42,1.17,
174,SPX,20070829,1433.61,1463.76,1463.76,1432.01,1432.36,31.4,2.19,2.22,
175,SPX,20070828,1466.72,1432.36,1466.72,1432.01,1466.79,-34.43,-2.35,2.37,
176,SPX,20070827,1479.36,1466.79,1479.36,1465.98,1479.37,-12.58,-0.85,0.9,
177,SPX,20070824,1462.34,1479.37,1479.4,1460.54,1462.5,16.86,1.15,1.29,
178,SPX,20070823,1464.05,1462.5,1472.06,1453.88,1464.07,-1.56,-0.11,1.24,
179,SPX,20070822,1447.03,1464.07,1464.86,1447.03,1447.12,16.95,1.17,1.23,
180,SPX,20070821,1444.55,1447.12,1455.32,1439.76,1445.55,1.57,0.11,1.08,
181,SPX,20070820,1445.94,1445.55,1451.75,1430.54,1445.94,-0.39,-0.03,1.47,
182,SPX,20070817,1411.26,1445.94,1450.33,1411.26,1411.27,34.68,2.46,2.77,
183,SPX,20070816,1406.64,1411.27,1415.97,1370.6,1406.7,4.57,0.32,3.23,
184,SPX,20070815,1426.15,1406.7,1440.78,1404.36,1426.54,-19.85,-1.39,2.55,
185,SPX,20070814,1452.87,1426.54,1456.74,1426.2,1452.92,-26.38,-1.82,2.1,
186,SPX,20070813,1455.41,1452.92,1466.29,1451.54,1453.64,-0.72,-0.05,1.01,
187,SPX,20070810,1450.05,1453.64,1462.02,1429.74,1453.09,0.55,0.04,2.22,
188,SPX,20070809,1497.21,1453.09,1497.21,1453.09,1497.49,-44.39,-2.96,2.95,
189,SPX,20070808,1476.22,1497.49,1503.41,1476.22,1476.71,20.78,1.41,1.84,
190,SPX,20070807,1467.62,1476.71,1488.42,1456.9,1467.67,9.04,0.62,2.15,
191,SPX,20070806,1433.04,1467.67,1467.67,1427.36,1433.06,34.61,2.42,2.81,
192,SPX,20070803,1472.18,1433.06,1473.15,1432.81,1472.2,-39.14,-2.66,2.74,
193,SPX,20070802,1465.46,1472.2,1476.13,1460.73,1465.81,6.39,0.44,1.05,
194,SPX,20070801,1455.18,1465.81,1467.8,1439.64,1455.27,10.53,0.72,1.94,
195,SPX,20070731,1473.9,1455.27,1488.4,1454.22,1473.91,-18.64,-1.26,2.32,
196,SPX,20070730,1458.93,1473.91,1477.69,1454.24,1458.95,14.96,1.03,1.61,
197,SPX,20070727,1482.82,1458.95,1487.93,1458.95,1482.66,-23.71,-1.6,1.95,
198,SPX,20070726,1518.09,1482.66,1518.09,1465.95,1518.09,-35.43,-2.33,3.43,
199,SPX,20070725,1511.03,1518.09,1524.31,1503.91,1511.04,7.05,0.47,1.35,
200,SPX,20070724,1541.57,1511.04,1541.57,1508.74,1541.57,-30.53,-1.98,2.13,
201,SPX,20070723,1534.06,1541.57,1547.02,1534.06,1534.1,7.47,0.49,0.84,
202,SPX,20070720,1553.19,1534.1,1553.19,1529.47,1553.08,-18.98,-1.22,1.53,
203,SPX,20070719,1546.97,1553.08,1555.24,1546.13,1546.17,6.9,0.45,0.59,
204,SPX,20070718,1549.2,1546.17,1549.2,1533.68,1549.37,-3.2,-0.21,1.0,
205,SPX,20070717,1549.52,1549.37,1555.22,1547.91,1549.52,-0.16,-0.01,0.47,
206,SPX,20070716,1552.5,1549.52,1555.9,1546.69,1552.5,-2.97,-0.19,0.59,
207,SPX,20070713,1547.68,1552.5,1555.1,1544.85,1547.7,4.8,0.31,0.66,
208,SPX,20070712,1518.74,1547.7,1547.91,1518.74,1518.76,28.95,1.91,1.92,
209,SPX,20070711,1509.93,1518.76,1519.27,1506.64,1510.12,8.64,0.57,0.84,
210,SPX,20070710,1530.59,1510.12,1531.85,1510.06,1531.85,-21.74,-1.42,1.42,
211,SPX,20070709,1530.43,1531.85,1534.21,1527.53,1530.44,1.41,0.09,0.44,
212,SPX,20070706,1524.77,1530.44,1532.4,1520.47,1525.4,5.04,0.33,0.78,
213,SPX,20070705,1524.86,1525.4,1526.57,1517.72,1524.87,0.53,0.03,0.58,
214,SPX,20070703,1519.12,1524.87,1526.01,1519.12,1519.43,5.44,0.36,0.45,
215,SPX,20070702,1504.66,1519.43,1519.45,1504.66,1503.35,16.08,1.07,0.98,
216,SPX,20070629,1505.7,1503.35,1517.53,1493.61,1505.71,-2.36,-0.16,1.59,
217,SPX,20070628,1506.32,1505.71,1514.84,1503.41,1506.34,-0.63,-0.04,0.76,
218,SPX,20070627,1491.46,1506.34,1506.8,1484.18,1492.89,13.45,0.9,1.52,
219,SPX,20070626,1497.68,1492.89,1506.12,1490.54,1497.74,-4.85,-0.32,1.04,
220,SPX,20070625,1502.68,1497.74,1514.29,1492.68,1502.56,-4.82,-0.32,1.44,
221,SPX,20070622,1522.19,1502.56,1522.19,1500.74,1522.19,-19.63,-1.29,1.41,
222,SPX,20070621,1512.47,1522.19,1522.9,1504.75,1512.84,9.35,0.62,1.2,
223,SPX,20070620,1533.68,1512.84,1537.32,1512.36,1533.7,-20.87,-1.36,1.63,
224,SPX,20070619,1531.02,1533.7,1535.85,1525.67,1531.05,2.66,0.17,0.66,
225,SPX,20070618,1533.28,1531.05,1535.44,1529.31,1532.91,-1.86,-0.12,0.4,
226,SPX,20070615,1522.97,1532.91,1538.71,1522.97,1522.97,9.93,0.65,1.03,
227,SPX,20070614,1515.58,1522.97,1526.45,1515.58,1515.67,7.3,0.48,0.72,
228,SPX,20070613,1493.5,1515.67,1515.7,1492.65,1493.0,22.68,1.52,1.54,
229,SPX,20070612,1509.12,1493.0,1511.33,1492.97,1509.12,-16.12,-1.07,1.22,
230,SPX,20070611,1506.96,1509.12,1515.53,1503.35,1507.67,1.45,0.1,0.81,
231,SPX,20070608,1490.71,1507.67,1507.76,1487.41,1490.72,16.95,1.14,1.37,
232,SPX,20070607,1516.04,1490.72,1517.36,1490.37,1517.38,-26.66,-1.76,1.78,
233,SPX,20070606,1530.57,1517.38,1530.57,1514.13,1530.95,-13.57,-0.89,1.07,
234,SPX,20070605,1539.12,1530.95,1539.12,1525.62,1539.18,-8.24,-0.54,0.88,
235,SPX,20070604,1536.28,1539.18,1540.53,1532.31,1536.34,2.85,0.19,0.54,
236,SPX,20070601,1530.62,1536.34,1540.56,1530.62,1530.62,5.71,0.37,0.65,
237,SPX,20070531,1530.9,1530.62,1535.56,1528.26,1530.23,0.39,0.03,0.48,
238,SPX,20070530,1517.6,1530.23,1530.23,1510.06,1518.11,12.12,0.8,1.33,
239,SPX,20070529,1515.55,1518.11,1521.8,1512.02,1515.73,2.38,0.16,0.65,
240,SPX,20070525,1507.5,1515.73,1517.41,1507.5,1507.51,8.22,0.55,0.66,
241,SPX,20070524,1522.1,1507.51,1529.31,1505.18,1522.28,-14.76,-0.97,1.59,
242,SPX,20070523,1524.09,1522.28,1532.43,1521.9,1524.12,-1.84,-0.12,0.69,
243,SPX,20070522,1525.1,1524.12,1529.24,1522.05,1525.1,-0.98,-0.06,0.47,
244,SPX,20070521,1522.75,1525.1,1529.87,1522.71,1522.75,2.35,0.15,0.47,
245,SPX,20070518,1513.8,1522.75,1522.75,1512.74,1512.75,10.0,0.66,0.66,
246,SPX,20070517,1514.01,1512.75,1517.14,1509.29,1514.14,-1.39,-0.09,0.52,
247,SPX,20070516,1500.75,1514.14,1514.15,1500.75,1501.19,12.96,0.86,0.89,
248,SPX,20070515,1503.11,1501.19,1514.83,1500.43,1503.15,-1.96,-0.13,0.96,
249,SPX,20070514,1505.76,1503.15,1510.9,1498.34,1505.85,-2.7,-0.18,0.83,
250,SPX,20070511,1491.47,1505.85,1506.24,1491.47,1491.47,14.38,0.96,0.99,
251,SPX,20070510,1511.76,1491.47,1512.33,1491.42,1512.58,-21.11,-1.4,1.38,
252,SPX,20070509,1505.78,1512.58,1513.8,1503.77,1507.72,4.86,0.32,0.67,
253,SPX,20070508,1509.36,1507.72,1509.36,1500.66,1509.48,-1.77,-0.12,0.58,
254,SPX,20070507,1505.54,1509.48,1511.0,1505.54,1505.62,3.87,0.26,0.36,
255,SPX,20070504,1502.35,1505.62,1510.34,1501.8,1502.39,3.23,0.21,0.57,
256,SPX,20070503,1495.56,1502.39,1503.34,1495.56,1495.92,6.47,0.43,0.52,
257,SPX,20070502,1486.13,1495.92,1499.1,1486.13,1486.3,9.61,0.65,0.87,
258,SPX,20070501,1482.37,1486.3,1487.27,1476.7,1482.37,3.94,0.27,0.71,
259,SPX,20070430,1494.07,1482.37,1497.16,1482.29,1494.07,-11.7,-0.78,1.0,
260,SPX,20070427,1494.21,1494.07,1497.32,1488.67,1494.25,-0.18,-0.01,0.58,
261,SPX,20070426,1495.77,1494.25,1498.02,1491.17,1495.42,-1.17,-0.08,0.46,
262,SPX,20070425,1480.28,1495.42,1496.59,1480.28,1480.41,15.01,1.01,1.1,
263,SPX,20070424,1480.93,1480.41,1483.82,1473.74,1480.93,-0.52,-0.04,0.68,
264,SPX,20070423,1484.24,1480.93,1487.32,1480.19,1484.35,-3.42,-0.23,0.48,
265,SPX,20070420,1470.69,1484.35,1484.74,1470.69,1470.73,13.62,0.93,0.96,
266,SPX,20070419,1472.48,1470.73,1474.23,1464.47,1472.5,-1.77,-0.12,0.66,
267,SPX,20070418,1471.47,1472.5,1476.57,1466.41,1471.48,1.02,0.07,0.69,
268,SPX,20070417,1468.47,1471.48,1474.35,1467.15,1468.47,3.01,0.2,0.49,
269,SPX,20070416,1453.75,1468.47,1468.62,1452.84,1452.85,15.63,1.08,1.09,
270,SPX,20070413,1447.8,1452.85,1453.11,1444.15,1447.8,5.04,0.35,0.62,
271,SPX,20070412,1438.87,1447.8,1448.02,1433.91,1438.87,8.93,0.62,0.98,
272,SPX,20070411,1448.23,1438.87,1448.39,1436.15,1448.39,-9.52,-0.66,0.85,
273,SPX,20070410,1444.58,1448.39,1448.73,1443.99,1444.61,3.78,0.26,0.33,
274,SPX,20070409,1443.77,1444.61,1448.1,1443.28,1443.76,0.85,0.06,0.33,
275,SPX,20070405,1438.94,1443.76,1444.88,1436.67,1439.37,4.39,0.3,0.57,
276,SPX,20070404,1437.75,1439.37,1440.16,1435.08,1437.77,1.59,0.11,0.35,
277,SPX,20070403,1424.27,1437.77,1440.57,1424.27,1424.55,13.22,0.93,1.14,
278,SPX,20070402,1420.85,1424.55,1425.49,1416.37,1420.86,3.69,0.26,0.64,
279,SPX,20070330,1422.52,1420.86,1429.22,1408.9,1422.53,-1.67,-0.12,1.43,
280,SPX,20070329,1417.17,1422.53,1426.24,1413.27,1417.23,5.3,0.37,0.92,
281,SPX,20070328,1428.35,1417.23,1428.35,1414.07,1428.61,-11.38,-0.8,1.0,
282,SPX,20070327,1437.49,1428.61,1437.49,1425.54,1437.5,-8.89,-0.62,0.83,
283,SPX,20070326,1436.11,1437.5,1437.65,1423.28,1436.11,1.38,0.1,1.0,
284,SPX,20070323,1434.54,1436.11,1438.89,1433.21,1434.54,1.58,0.11,0.4,
285,SPX,20070322,1435.04,1434.54,1437.66,1429.88,1435.04,-0.51,-0.04,0.54,
286,SPX,20070321,1411.87,1435.04,1437.77,1409.75,1410.94,24.11,1.71,1.99,
287,SPX,20070320,1402.04,1410.94,1411.53,1400.7,1402.06,8.88,0.63,0.77,
288,SPX,20070319,1387.78,1402.06,1403.2,1386.95,1386.95,15.11,1.09,1.17,
289,SPX,20070316,1392.24,1386.95,1397.51,1383.63,1392.28,-5.33,-0.38,1.0,
290,SPX,20070315,1387.11,1392.28,1395.73,1385.16,1387.17,5.11,0.37,0.76,
291,SPX,20070314,1377.86,1387.17,1388.09,1363.98,1377.95,9.22,0.67,1.75,
292,SPX,20070313,1406.23,1377.95,1406.23,1377.71,1406.6,-28.65,-2.04,2.03,
293,SPX,20070312,1402.58,1406.6,1409.34,1398.4,1402.85,3.76,0.27,0.78,
294,SPX,20070309,1403.49,1402.85,1410.15,1397.3,1401.89,0.95,0.07,0.92,
295,SPX,20070308,1391.88,1401.89,1407.93,1391.88,1391.97,9.92,0.71,1.15,
296,SPX,20070307,1394.98,1391.97,1401.16,1390.64,1395.41,-3.44,-0.25,0.75,
297,SPX,20070306,1374.06,1395.41,1397.9,1374.06,1374.12,21.29,1.55,1.73,
298,SPX,20070305,1387.11,1374.12,1391.86,1373.97,1387.17,-13.04,-0.94,1.29,
299,SPX,20070302,1403.16,1387.17,1403.4,1386.87,1403.17,-16.0,-1.14,1.18,
300,SPX,20070301,1406.8,1403.17,1409.46,1380.87,1406.82,-3.65,-0.26,2.03,
301,SPX,20070228,1399.01,1406.82,1415.89,1396.65,1399.04,7.78,0.56,1.38,
302,SPX,20070227,1449.25,1399.04,1449.25,1389.42,1449.37,-50.33,-3.47,4.13,
303,SPX,20070226,1451.04,1449.37,1456.95,1445.48,1451.19,-1.82,-0.13,0.79,
304,SPX,20070223,1456.22,1451.19,1456.22,1448.36,1456.38,-5.19,-0.36,0.54,
305,SPX,20070222,1457.29,1456.38,1461.57,1450.51,1457.63,-1.25,-0.09,0.76,
306,SPX,20070221,1459.6,1457.63,1459.6,1452.02,1459.68,-2.06,-0.14,0.52,
307,SPX,20070220,1455.53,1459.68,1460.53,1449.2,1455.54,4.15,0.28,0.78,
308,SPX,20070216,1456.77,1455.54,1456.77,1451.57,1456.81,-1.27,-0.09,0.36,
309,SPX,20070215,1455.45,1456.81,1457.97,1453.19,1455.3,1.51,0.1,0.33,
310,SPX,20070214,1443.91,1455.3,1457.65,1443.91,1444.26,11.04,0.76,0.95,
311,SPX,20070213,1433.22,1444.26,1444.41,1433.22,1433.37,10.89,0.76,0.78,
312,SPX,20070212,1437.94,1433.37,1439.11,1431.44,1438.06,-4.69,-0.33,0.53,
313,SPX,20070209,1448.25,1438.06,1452.45,1433.44,1448.31,-10.25,-0.71,1.31,
314,SPX,20070208,1449.99,1448.31,1450.45,1442.81,1450.02,-1.71,-0.12,0.53,
315,SPX,20070207,1447.41,1450.02,1452.99,1446.44,1448.0,2.02,0.14,0.45,
316,SPX,20070206,1446.98,1448.0,1450.19,1443.4,1446.99,1.01,0.07,0.47,
317,SPX,20070205,1448.28,1446.99,1449.38,1443.85,1448.39,-1.4,-0.1,0.38,
318,SPX,20070202,1445.94,1448.39,1449.33,1444.49,1445.94,2.45,0.17,0.33,
319,SPX,20070201,1437.9,1445.94,1446.64,1437.9,1438.24,7.7,0.54,0.61,
320,SPX,20070131,1428.65,1438.24,1441.61,1424.78,1428.82,9.42,0.66,1.18,
321,SPX,20070130,1420.61,1428.82,1428.82,1420.61,1420.62,8.2,0.58,0.58,
322,SPX,20070129,1422.03,1420.62,1426.94,1418.46,1422.18,-1.56,-0.11,0.6,
323,SPX,20070126,1423.9,1422.18,1427.27,1416.96,1423.9,-1.72,-0.12,0.72,
324,SPX,20070125,1440.31,1423.9,1440.69,1422.34,1440.13,-16.23,-1.13,1.27,
325,SPX,20070124,1427.96,1440.13,1440.14,1427.96,1427.99,12.14,0.85,0.85,
326,SPX,20070123,1422.95,1427.99,1431.33,1421.66,1422.95,5.03,0.35,0.68,
327,SPX,20070122,1430.47,1422.95,1431.39,1420.4,1430.5,-7.55,-0.53,0.77,
328,SPX,20070119,1426.35,1430.5,1431.57,1425.19,1426.37,4.13,0.29,0.45,
329,SPX,20070118,1430.59,1426.37,1433.3,1424.21,1430.62,-4.25,-0.3,0.64,
330,SPX,20070117,1431.77,1430.62,1435.27,1428.57,1431.9,-1.28,-0.09,0.47,
331,SPX,20070116,1430.73,1431.9,1433.93,1428.62,1430.73,1.17,0.08,0.37,
332,SPX,20070112,1423.82,1430.73,1431.23,1422.58,1423.83,6.91,0.49,0.61,
333,SPX,20070111,1414.84,1423.83,1427.12,1414.84,1414.85,8.98,0.63,0.87,
334,SPX,20070110,1411.94,1414.85,1415.99,1404.33,1412.11,2.74,0.19,0.83,
335,SPX,20070109,1412.84,1412.11,1415.61,1405.42,1412.84,-0.73,-0.05,0.72,
336,SPX,20070108,1409.26,1412.84,1414.98,1403.97,1409.71,3.14,0.22,0.78,
337,SPX,20070105,1418.34,1409.71,1418.34,1405.75,1418.34,-8.63,-0.61,0.89,
338,SPX,20070104,1416.95,1418.34,1421.84,1408.22,1416.6,1.74,0.12,0.96,
339,SPX,20070103,1418.03,1416.6,1429.42,1407.86,1418.3,-1.7,-0.12,1.52,
340,SPX,20061229,1424.3,1418.3,1427.0,1416.72,1424.73,-6.43,-0.45,0.72,
341,SPX,20061228,1426.77,1424.73,1427.26,1422.05,1426.84,-2.11,-0.15,0.37,
342,SPX,20061227,1416.63,1426.84,1427.72,1416.63,1416.9,9.93,0.7,0.78,
343,SPX,20061226,1410.75,1416.9,1417.91,1410.45,1410.76,6.14,0.44,0.53,
344,SPX,20061222,1418.1,1410.76,1418.82,1410.28,1418.3,-7.54,-0.53,0.6,
345,SPX,20061221,1423.2,1418.3,1426.4,1415.9,1423.53,-5.22,-0.37,0.74,
346,SPX,20061220,1425.51,1423.53,1429.05,1423.51,1425.55,-2.03,-0.14,0.39,
347,SPX,20061219,1422.42,1425.55,1428.3,1414.88,1422.48,3.07,0.22,0.94,
348,SPX,20061218,1427.08,1422.48,1431.81,1420.65,1427.09,-4.61,-0.32,0.78,
349,SPX,20061215,1425.48,1427.09,1431.63,1425.48,1425.49,1.6,0.11,0.43,
350,SPX,20061214,1413.16,1425.49,1427.23,1413.16,1413.21,12.27,0.87,1.0,
351,SPX,20061213,1411.32,1413.21,1416.64,1411.05,1411.56,1.65,0.12,0.4,
352,SPX,20061212,1413.0,1411.56,1413.78,1404.75,1413.04,-1.48,-0.1,0.64,
353,SPX,20061211,1409.81,1413.04,1415.6,1408.56,1409.84,3.2,0.23,0.5,
354,SPX,20061208,1407.27,1409.84,1414.09,1403.67,1407.29,2.55,0.18,0.74,
355,SPX,20061207,1412.86,1407.29,1418.27,1406.8,1412.9,-5.61,-0.4,0.81,
356,SPX,20061206,1414.4,1412.9,1415.93,1411.05,1414.76,-1.86,-0.13,0.34,
357,SPX,20061205,1409.1,1414.76,1415.27,1408.78,1409.12,5.64,0.4,0.46,
358,SPX,20061204,1396.67,1409.12,1411.23,1396.67,1396.71,12.41,0.89,1.04,
359,SPX,20061201,1400.63,1396.71,1402.46,1385.93,1400.63,-3.92,-0.28,1.18,
360,SPX,20061130,1399.47,1400.63,1406.3,1393.83,1399.48,1.15,0.08,0.89,
361,SPX,20061129,1386.11,1399.48,1401.14,1386.11,1386.72,12.76,0.92,1.08,
362,SPX,20061128,1381.61,1386.72,1387.91,1377.83,1381.9,4.82,0.35,0.73,
363,SPX,20061127,1400.95,1381.9,1400.95,1381.44,1400.95,-19.04,-1.36,1.39,
364,SPX,20061124,1405.94,1400.95,1405.94,1399.25,1406.09,-5.14,-0.37,0.48,
365,SPX,20061122,1403.68,1406.09,1407.89,1402.26,1402.81,3.28,0.23,0.4,
366,SPX,20061121,1400.43,1402.81,1403.49,1399.99,1400.5,2.31,0.17,0.25,
367,SPX,20061120,1400.63,1400.5,1404.37,1397.85,1401.2,-0.7,-0.05,0.47,
368,SPX,20061117,1399.76,1401.2,1401.21,1394.55,1399.76,1.44,0.1,0.48,
369,SPX,20061116,1396.53,1399.76,1403.76,1396.53,1396.57,3.19,0.23,0.52,
370,SPX,20061115,1392.74,1396.57,1401.35,1392.13,1393.22,3.35,0.24,0.66,
371,SPX,20061114,1384.36,1393.22,1394.49,1379.07,1384.42,8.8,0.64,1.11,
372,SPX,20061113,1380.6,1384.42,1387.61,1378.8,1380.9,3.52,0.26,0.64,
373,SPX,20061110,1379.04,1380.9,1381.04,1375.6,1378.33,2.56,0.19,0.39,
374,SPX,20061109,1385.57,1378.33,1388.92,1377.31,1385.72,-7.38,-0.53,0.84,
375,SPX,20061108,1382.5,1385.72,1388.61,1376.29,1382.84,2.87,0.21,0.89,
376,SPX,20061107,1379.89,1382.84,1388.19,1379.19,1379.78,3.06,0.22,0.65,
377,SPX,20061106,1364.27,1379.78,1381.4,1364.27,1364.3,15.49,1.14,1.26,
378,SPX,20061103,1367.31,1364.3,1371.68,1360.98,1367.34,-3.05,-0.22,0.78,
379,SPX,20061102,1366.41,1367.34,1368.39,1362.21,1367.81,-0.46,-0.03,0.45,
380,SPX,20061101,1377.76,1367.81,1381.95,1366.26,1377.94,-10.14,-0.74,1.14,
381,SPX,20061031,1377.93,1377.94,1381.21,1372.19,1377.93,0.01,0.0,0.65,
382,SPX,20061030,1377.3,1377.93,1381.22,1373.46,1377.34,0.59,0.04,0.56,
383,SPX,20061027,1388.89,1377.34,1388.89,1375.85,1389.08,-11.75,-0.85,0.94,
384,SPX,20061026,1382.21,1389.08,1389.45,1379.47,1382.22,6.86,0.5,0.72,
385,SPX,20061025,1377.78,1382.22,1383.61,1376.0,1377.38,4.85,0.35,0.55,
386,SPX,20061024,1377.02,1377.38,1377.78,1372.42,1377.02,0.35,0.03,0.39,
387,SPX,20061023,1368.58,1377.02,1377.4,1363.94,1368.6,8.42,0.62,0.98,
388,SPX,20061020,1368.07,1368.6,1368.66,1362.1,1366.96,1.64,0.12,0.48,
389,SPX,20061019,1365.43,1366.96,1368.09,1362.06,1365.96,1.0,0.07,0.44,
390,SPX,20061018,1363.93,1365.96,1372.87,1360.95,1364.05,1.91,0.14,0.87,
391,SPX,20061017,1369.05,1364.05,1369.05,1356.87,1369.05,-5.01,-0.37,0.89,
392,SPX,20061016,1365.57,1369.05,1370.2,1364.48,1365.62,3.44,0.25,0.42,
393,SPX,20061013,1362.82,1365.62,1366.63,1360.5,1362.83,2.79,0.2,0.45,
394,SPX,20061012,1350.79,1362.83,1363.76,1349.94,1349.95,12.87,0.95,1.02,
395,SPX,20061011,1353.28,1349.95,1353.97,1343.57,1353.42,-3.47,-0.26,0.77,
396,SPX,20061010,1350.64,1353.42,1354.23,1348.6,1350.66,2.76,0.2,0.42,
397,SPX,20061009,1349.58,1350.66,1352.69,1346.55,1349.58,1.08,0.08,0.45,
398,SPX,20061006,1352.42,1349.58,1353.22,1344.21,1353.22,-3.63,-0.27,0.67,
399,SPX,20061005,1349.84,1353.22,1353.79,1347.75,1350.22,3.0,0.22,0.45,
400,SPX,20061004,1333.81,1350.22,1350.22,1331.48,1334.11,16.1,1.21,1.4,
401,SPX,20061003,1331.17,1334.11,1338.31,1327.1,1331.32,2.79,0.21,0.84,
402,SPX,20061002,1335.82,1331.32,1338.54,1330.28,1335.85,-4.52,-0.34,0.62,
403,SPX,20060929,1338.86,1335.85,1339.88,1335.64,1339.15,-3.3,-0.25,0.32,
404,SPX,20060928,1336.56,1339.15,1340.28,1333.75,1336.59,2.56,0.19,0.49,
405,SPX,20060927,1335.37,1336.59,1340.08,1333.54,1336.34,0.25,0.02,0.49,
406,SPX,20060926,1326.22,1336.34,1336.6,1325.3,1326.37,9.97,0.75,0.85,
407,SPX,20060925,1314.78,1326.37,1329.35,1311.58,1314.78,11.59,0.88,1.35,
408,SPX,20060922,1317.74,1314.78,1318.03,1310.94,1318.03,-3.26,-0.25,0.54,
409,SPX,20060921,1324.89,1318.03,1328.19,1315.45,1325.18,-7.14,-0.54,0.96,
410,SPX,20060920,1318.28,1325.18,1328.53,1318.28,1318.31,6.87,0.52,0.78,
411,SPX,20060919,1321.17,1318.31,1322.04,1312.17,1321.18,-2.87,-0.22,0.75,
412,SPX,20060918,1319.85,1321.18,1324.87,1318.16,1319.87,1.32,0.1,0.51,
413,SPX,20060915,1316.28,1319.87,1324.65,1316.28,1316.28,3.58,0.27,0.64,
414,SPX,20060914,1318.0,1316.28,1318.0,1313.25,1318.07,-1.78,-0.14,0.36,
415,SPX,20060913,1312.74,1318.07,1319.92,1311.12,1313.11,4.95,0.38,0.67,
416,SPX,20060912,1299.53,1313.11,1314.28,1299.53,1299.54,13.57,1.04,1.14,
417,SPX,20060911,1298.86,1299.54,1302.36,1290.93,1298.92,0.62,0.05,0.88,
418,SPX,20060908,1294.02,1298.92,1300.14,1294.02,1294.02,4.9,0.38,0.47,
419,SPX,20060907,1299.97,1294.02,1301.25,1292.13,1300.26,-6.24,-0.48,0.7,
420,SPX,20060906,1310.79,1300.26,1313.04,1299.28,1313.25,-12.99,-0.99,1.05,
421,SPX,20060905,1310.94,1313.25,1314.67,1308.82,1311.01,2.24,0.17,0.45,
422,SPX,20060901,1303.8,1311.01,1312.03,1303.8,1303.82,7.19,0.55,0.63,
423,SPX,20060831,1304.25,1303.82,1306.11,1302.45,1304.27,-0.45,-0.03,0.28,
424,SPX,20060830,1303.69,1304.27,1306.74,1302.15,1304.28,-0.01,0.0,0.35,
425,SPX,20060829,1301.57,1304.28,1305.02,1295.29,1301.78,2.5,0.19,0.75,
426,SPX,20060828,1295.09,1301.78,1305.02,1293.97,1295.09,6.7,0.52,0.85,
427,SPX,20060825,1295.23,1295.09,1298.88,1292.39,1296.06,-0.98,-0.08,0.5,
428,SPX,20060824,1292.97,1296.06,1297.23,1291.4,1292.99,3.07,0.24,0.45,
429,SPX,20060823,1299.06,1292.99,1301.5,1289.49,1298.82,-5.83,-0.45,0.92,
430,SPX,20060822,1297.52,1298.82,1302.49,1294.44,1297.52,1.3,0.1,0.62,
431,SPX,20060821,1302.3,1297.52,1302.3,1295.51,1302.3,-4.78,-0.37,0.52,
432,SPX,20060818,1297.48,1302.3,1302.3,1293.57,1297.48,4.83,0.37,0.67,
433,SPX,20060817,1294.99,1297.48,1300.78,1292.71,1295.43,2.05,0.16,0.62,
434,SPX,20060816,1285.27,1295.43,1296.21,1285.27,1285.58,9.85,0.77,0.85,
435,SPX,20060815,1271.52,1285.58,1286.23,1268.19,1268.21,17.36,1.37,1.42,
436,SPX,20060814,1266.67,1268.21,1278.9,1266.67,1266.74,1.47,0.12,0.97,
437,SPX,20060811,1271.64,1266.74,1271.64,1262.08,1271.81,-5.07,-0.4,0.75,
438,SPX,20060810,1265.72,1271.81,1272.55,1261.3,1265.95,5.86,0.46,0.89,
439,SPX,20060809,1273.52,1265.95,1283.74,1264.73,1271.48,-5.53,-0.43,1.5,
440,SPX,20060808,1279.18,1271.48,1282.75,1268.37,1275.77,-4.29,-0.34,1.13,
441,SPX,20060807,1279.31,1275.77,1279.31,1273.0,1279.36,-3.6,-0.28,0.49,
442,SPX,20060804,1286.73,1279.36,1292.92,1273.82,1280.27,-0.91,-0.07,1.49,
443,SPX,20060803,1278.22,1280.27,1283.96,1271.25,1278.55,1.72,0.13,0.99,
444,SPX,20060802,1270.73,1278.55,1283.42,1270.73,1270.92,7.63,0.6,1.0,
445,SPX,20060801,1275.76,1270.92,1276.66,1265.71,1276.66,-5.74,-0.45,0.86,
446,SPX,20060731,1277.49,1276.66,1278.66,1274.31,1278.55,-1.88,-0.15,0.34,
447,SPX,20060728,1263.15,1278.55,1280.42,1263.15,1263.2,15.35,1.22,1.37,
448,SPX,20060727,1268.2,1263.2,1275.85,1261.92,1268.4,-5.2,-0.41,1.1,
449,SPX,20060726,1268.87,1268.4,1273.89,1261.94,1268.88,-0.48,-0.04,0.94,
450,SPX,20060725,1261.1,1268.88,1272.39,1257.19,1260.91,7.97,0.63,1.21,
451,SPX,20060724,1241.1,1260.91,1262.5,1240.25,1240.29,20.62,1.66,1.79,
452,SPX,20060721,1249.12,1240.29,1250.96,1238.72,1249.13,-8.84,-0.71,0.98,
453,SPX,20060720,1260.21,1249.13,1262.56,1249.13,1259.81,-10.68,-0.85,1.07,
454,SPX,20060719,1236.74,1259.81,1261.81,1236.74,1236.86,22.95,1.86,2.03,
455,SPX,20060718,1234.82,1236.86,1239.86,1224.54,1234.49,2.37,0.19,1.24,
456,SPX,20060717,1236.2,1234.49,1240.07,1231.49,1236.2,-1.71,-0.14,0.69,
457,SPX,20060714,1242.25,1236.2,1242.7,1228.45,1242.29,-6.09,-0.49,1.15,
458,SPX,20060713,1258.58,1242.29,1258.58,1241.43,1258.6,-16.31,-1.3,1.36,
459,SPX,20060712,1272.39,1258.6,1273.31,1257.29,1272.52,-13.92,-1.09,1.26,
460,SPX,20060711,1267.26,1272.52,1273.64,1259.65,1267.34,5.19,0.41,1.1,
461,SPX,20060710,1266.28,1267.34,1274.06,1264.46,1265.48,1.86,0.15,0.76,
462,SPX,20060707,1274.08,1265.48,1275.38,1263.13,1274.08,-8.61,-0.68,0.96,
463,SPX,20060706,1270.58,1274.08,1278.32,1270.58,1270.91,3.18,0.25,0.61,
464,SPX,20060705,1280.05,1270.91,1280.05,1265.91,1280.19,-9.28,-0.73,1.1,
465,SPX,20060703,1270.06,1280.19,1280.38,1270.06,1270.2,9.98,0.79,0.81,
466,SPX,20060630,1272.86,1270.2,1276.3,1270.2,1272.87,-2.66,-0.21,0.48,
467,SPX,20060629,1245.94,1272.87,1272.88,1245.94,1246.0,26.86,2.16,2.16,
468,SPX,20060628,1238.99,1246.0,1247.06,1237.59,1239.2,6.8,0.55,0.76,
469,SPX,20060627,1250.78,1239.2,1253.37,1238.94,1250.56,-11.36,-0.91,1.15,
470,SPX,20060626,1244.5,1250.56,1250.92,1243.68,1244.5,6.06,0.49,0.58,
471,SPX,20060623,1245.17,1244.5,1253.13,1241.43,1245.6,-1.09,-0.09,0.94,
472,SPX,20060622,1251.92,1245.6,1251.92,1241.53,1252.2,-6.61,-0.53,0.83,
473,SPX,20060621,1240.41,1252.2,1257.96,1240.09,1240.12,12.08,0.97,1.44,
474,SPX,20060620,1240.12,1240.12,1249.01,1238.87,1240.14,-0.01,0.0,0.82,
475,SPX,20060619,1251.54,1240.14,1255.93,1237.17,1251.54,-11.41,-0.91,1.5,
476,SPX,20060616,1255.89,1251.54,1256.27,1246.33,1256.16,-4.62,-0.37,0.79,
477,SPX,20060615,1230.76,1256.16,1258.64,1230.01,1230.04,26.12,2.12,2.33,
478,SPX,20060614,1223.66,1230.04,1231.46,1219.29,1223.69,6.35,0.52,0.99,
479,SPX,20060613,1236.08,1223.69,1243.37,1222.52,1236.4,-12.71,-1.03,1.69,
480,SPX,20060612,1252.62,1236.4,1255.22,1236.2,1252.3,-15.89,-1.27,1.52,
481,SPX,20060609,1257.93,1252.3,1262.58,1250.03,1257.93,-5.63,-0.45,1.0,
482,SPX,20060608,1256.08,1257.93,1259.85,1235.18,1256.15,1.77,0.14,1.96,
483,SPX,20060607,1263.98,1256.15,1272.47,1255.77,1263.85,-7.7,-0.61,1.32,
484,SPX,20060606,1265.23,1263.85,1269.88,1254.46,1265.29,-1.44,-0.11,1.22,
485,SPX,20060605,1287.24,1265.29,1288.16,1264.66,1288.22,-22.93,-1.78,1.82,
486,SPX,20060602,1286.57,1288.22,1290.68,1280.22,1285.71,2.5,0.19,0.81,
487,SPX,20060601,1270.05,1285.71,1285.71,1269.19,1270.09,15.62,1.23,1.3,
488,SPX,20060531,1259.38,1270.09,1270.09,1259.38,1259.84,10.25,0.81,0.85,
489,SPX,20060530,1280.04,1259.84,1280.04,1259.84,1280.16,-20.32,-1.59,1.58,
490,SPX,20060526,1272.71,1280.16,1280.54,1272.5,1272.88,7.28,0.57,0.63,
491,SPX,20060525,1260.55,1272.88,1273.26,1258.41,1258.57,14.32,1.14,1.18,
492,SPX,20060524,1256.56,1258.57,1264.53,1245.34,1256.58,1.98,0.16,1.53,
493,SPX,20060523,1263.52,1256.58,1273.67,1256.15,1262.07,-5.49,-0.44,1.39,
494,SPX,20060522,1267.03,1262.07,1268.77,1252.98,1267.03,-4.96,-0.39,1.25,
495,SPX,20060519,1261.86,1267.03,1272.15,1256.28,1261.81,5.22,0.41,1.26,
496,SPX,20060518,1270.25,1261.81,1274.89,1261.75,1270.32,-8.51,-0.67,1.03,
497,SPX,20060517,1290.16,1270.32,1291.73,1267.31,1292.08,-21.76,-1.68,1.89,
498,SPX,20060516,1294.5,1292.08,1297.88,1288.51,1294.5,-2.42,-0.19,0.72,
499,SPX,20060515,1290.56,1294.5,1294.81,1284.51,1291.24,3.26,0.25,0.8,
500,SPX,20060512,1305.17,1291.24,1305.88,1290.38,1305.92,-14.69,-1.12,1.19,
501,SPX,20060511,1322.63,1305.92,1322.63,1303.45,1322.85,-16.93,-1.28,1.45,
502,SPX,20060510,1324.57,1322.85,1325.51,1317.44,1325.14,-2.29,-0.17,0.61,
503,SPX,20060509,1324.0,1325.14,1326.6,1322.48,1324.66,0.48,0.04,0.31,
504,SPX,20060508,1325.76,1324.66,1326.7,1322.87,1325.76,-1.1,-0.08,0.29,
505,SPX,20060505,1312.25,1325.76,1326.53,1312.25,1312.25,13.51,1.03,1.09,
506,SPX,20060504,1307.85,1312.25,1315.14,1307.85,1307.85,4.4,0.34,0.56,
507,SPX,20060503,1313.34,1307.85,1313.47,1303.92,1313.21,-5.36,-0.41,0.73,
508,SPX,20060502,1305.19,1313.21,1313.66,1305.16,1305.19,8.02,0.61,0.65,
509,SPX,20060501,1310.61,1305.19,1317.21,1303.46,1310.61,-5.42,-0.41,1.05,
510,SPX,20060428,1309.72,1310.61,1316.04,1306.16,1309.72,0.89,0.07,0.75,
511,SPX,20060427,1305.41,1309.72,1315.0,1295.57,1305.41,4.31,0.33,1.49,
512,SPX,20060426,1301.74,1305.41,1310.97,1301.74,1301.74,3.67,0.28,0.71,
513,SPX,20060425,1308.11,1301.74,1310.79,1299.17,1308.11,-6.37,-0.49,0.89,
514,SPX,20060424,1311.28,1308.11,1311.28,1303.79,1311.28,-3.17,-0.24,0.57,
515,SPX,20060421,1311.46,1311.28,1317.67,1306.59,1311.46,-0.17,-0.01,0.84,
516,SPX,20060420,1309.74,1311.46,1318.16,1306.38,1309.93,1.53,0.12,0.9,
517,SPX,20060419,1307.93,1309.93,1310.39,1302.79,1307.65,2.29,0.17,0.58,
518,SPX,20060418,1285.97,1307.65,1309.02,1285.33,1285.33,22.31,1.74,1.84,
519,SPX,20060417,1289.12,1285.33,1292.45,1280.74,1289.12,-3.79,-0.29,0.91,
520,SPX,20060413,1288.12,1289.12,1292.09,1283.37,1288.12,0.99,0.08,0.68,
521,SPX,20060412,1286.89,1288.12,1290.93,1286.45,1286.57,1.55,0.12,0.35,
522,SPX,20060411,1296.6,1286.57,1300.71,1282.96,1296.6,-10.03,-0.77,1.37,
523,SPX,20060410,1295.61,1296.6,1300.74,1293.17,1295.5,1.11,0.09,0.58,
524,SPX,20060407,1309.04,1295.5,1314.07,1294.18,1309.04,-13.54,-1.03,1.52,
525,SPX,20060406,1311.56,1309.04,1311.99,1302.44,1311.56,-2.52,-0.19,0.73,
526,SPX,20060405,1305.93,1311.56,1312.81,1304.82,1305.93,5.62,0.43,0.61,
527,SPX,20060404,1297.81,1305.93,1307.55,1294.71,1297.81,8.12,0.63,0.99,
528,SPX,20060403,1302.88,1297.81,1309.19,1296.65,1294.83,2.99,0.23,0.97,
529,SPX,20060331,1300.6,1294.83,1303.0,1294.83,1300.25,-5.42,-0.42,0.63,
530,SPX,20060330,1302.89,1300.25,1310.15,1296.72,1302.89,-2.65,-0.2,1.03,
531,SPX,20060329,1293.23,1302.89,1305.6,1293.23,1293.23,9.67,0.75,0.96,
532,SPX,20060328,1301.61,1293.23,1306.24,1291.84,1301.61,-8.38,-0.64,1.11,
533,SPX,20060327,1302.95,1301.61,1303.74,1299.09,1302.95,-1.35,-0.1,0.36,
534,SPX,20060324,1301.71,1302.95,1306.53,1298.89,1301.67,1.28,0.1,0.59,
535,SPX,20060323,1305.04,1301.67,1305.04,1298.11,1305.04,-3.37,-0.26,0.53,
536,SPX,20060322,1297.23,1305.04,1305.97,1295.81,1297.23,7.81,0.6,0.78,
537,SPX,20060321,1305.0,1297.23,1310.9,1295.8,1305.08,-7.85,-0.6,1.16,
538,SPX,20060320,1307.25,1305.08,1310.0,1303.6,1307.25,-2.17,-0.17,0.49,
539,SPX,20060317,1305.33,1307.25,1309.79,1305.32,1305.33,1.92,0.15,0.34,
540,SPX,20060316,1303.02,1305.33,1310.45,1303.02,1303.02,2.31,0.18,0.57,
541,SPX,20060315,1297.48,1303.02,1304.4,1294.97,1297.48,5.54,0.43,0.73,
542,SPX,20060314,1284.13,1297.48,1298.14,1282.67,1284.13,13.35,1.04,1.2,
543,SPX,20060313,1281.58,1284.13,1287.37,1281.58,1281.58,2.56,0.2,0.45,
544,SPX,20060310,1272.23,1281.58,1284.37,1271.11,1272.23,9.34,0.73,1.04,
545,SPX,20060309,1278.47,1272.23,1282.74,1272.23,1278.47,-6.24,-0.49,0.82,
546,SPX,20060308,1275.88,1278.47,1280.33,1268.42,1275.88,2.6,0.2,0.93,
547,SPX,20060307,1277.22,1275.88,1278.26,1271.11,1278.26,-2.38,-0.19,0.56,
548,SPX,20060306,1287.23,1278.26,1288.23,1275.67,1287.23,-8.97,-0.7,0.98,
549,SPX,20060303,1289.14,1287.23,1297.33,1284.2,1289.14,-1.91,-0.15,1.02,
550,SPX,20060302,1288.57,1289.14,1291.24,1283.21,1291.24,-2.1,-0.16,0.62,
551,SPX,20060301,1281.65,1291.24,1291.8,1280.66,1280.66,10.58,0.83,0.87,
552,SPX,20060228,1294.12,1280.66,1294.12,1278.66,1294.12,-13.46,-1.04,1.19,
553,SPX,20060227,1289.43,1294.12,1297.57,1289.43,1289.43,4.69,0.36,0.63,
554,SPX,20060224,1287.72,1289.43,1292.11,1285.62,1287.79,1.64,0.13,0.5,
555,SPX,20060223,1292.52,1287.79,1293.84,1285.14,1292.67,-4.88,-0.38,0.67,
556,SPX,20060222,1283.03,1292.67,1294.17,1283.03,1283.03,9.65,0.75,0.87,
557,SPX,20060221,1287.24,1283.03,1291.92,1281.33,1287.24,-4.22,-0.33,0.82,
558,SPX,20060217,1288.64,1287.24,1289.47,1284.07,1289.38,-2.14,-0.17,0.42,
559,SPX,20060216,1280.42,1289.38,1289.39,1280.0,1280.0,9.38,0.73,0.73,
560,SPX,20060215,1275.53,1280.0,1281.0,1271.06,1275.53,4.47,0.35,0.78,
561,SPX,20060214,1262.86,1275.53,1278.21,1260.8,1262.86,12.67,1.0,1.38,
562,SPX,20060213,1265.15,1262.86,1266.99,1258.34,1266.99,-4.13,-0.33,0.68,
563,SPX,20060210,1263.82,1266.99,1269.89,1254.98,1263.78,3.21,0.25,1.18,
564,SPX,20060209,1265.65,1263.78,1274.56,1262.8,1265.65,-1.88,-0.15,0.93,
565,SPX,20060208,1257.23,1265.65,1266.47,1254.78,1254.78,10.87,0.87,0.93,
566,SPX,20060207,1264.82,1254.78,1265.78,1253.61,1265.02,-10.24,-0.81,0.96,
567,SPX,20060206,1264.21,1265.02,1267.04,1261.62,1264.03,0.99,0.08,0.43,
568,SPX,20060203,1269.45,1264.03,1270.87,1261.02,1270.84,-6.81,-0.54,0.78,
569,SPX,20060202,1282.46,1270.84,1282.46,1267.72,1282.46,-11.62,-0.91,1.15,
570,SPX,20060201,1280.08,1282.46,1283.33,1277.57,1280.08,2.37,0.19,0.45,
571,SPX,20060131,1284.97,1280.08,1285.13,1276.85,1285.2,-5.11,-0.4,0.64,
572,SPX,20060130,1283.72,1285.2,1287.94,1283.51,1283.72,1.47,0.11,0.35,
573,SPX,20060127,1273.83,1283.72,1286.38,1273.83,1273.83,9.9,0.78,0.99,
574,SPX,20060126,1267.4,1273.83,1276.44,1264.68,1264.68,9.14,0.72,0.93,
575,SPX,20060125,1266.86,1264.68,1271.87,1259.42,1266.86,-2.18,-0.17,0.98,
576,SPX,20060124,1263.82,1266.86,1271.47,1263.82,1263.82,3.04,0.24,0.61,
577,SPX,20060123,1261.98,1263.82,1268.19,1261.49,1261.49,2.34,0.19,0.53,
578,SPX,20060120,1285.04,1261.49,1285.04,1260.92,1285.04,-23.56,-1.83,1.88,
579,SPX,20060119,1278.96,1285.04,1287.79,1277.93,1277.93,7.11,0.56,0.77,
580,SPX,20060118,1282.93,1277.93,1282.93,1272.08,1282.93,-5.0,-0.39,0.85,
581,SPX,20060117,1287.61,1282.93,1287.61,1278.61,1287.61,-4.67,-0.36,0.7,
582,SPX,20060113,1286.07,1287.61,1288.96,1282.78,1286.06,1.55,0.12,0.48,
583,SPX,20060112,1293.52,1286.06,1294.18,1285.04,1294.18,-8.12,-0.63,0.71,
584,SPX,20060111,1289.72,1294.18,1294.9,1288.12,1289.69,4.49,0.35,0.53,
585,SPX,20060110,1290.15,1289.69,1290.15,1283.76,1290.15,-0.47,-0.04,0.5,
586,SPX,20060109,1285.45,1290.15,1290.78,1284.82,1285.45,4.7,0.37,0.46,
587,SPX,20060106,1274.61,1285.45,1286.09,1273.48,1273.48,11.97,0.94,0.99,
588,SPX,20060105,1273.54,1273.48,1276.91,1270.3,1273.46,0.02,0.0,0.52,
589,SPX,20060104,1268.8,1273.46,1275.37,1267.74,1268.8,4.66,0.37,0.6,
590,SPX,20060103,1252.03,1268.8,1270.22,1245.74,1248.29,20.51,1.64,1.96,
591,SPX,20051230,1254.42,1248.29,1254.42,1246.59,1254.42,-6.12,-0.49,0.62,
592,SPX,20051229,1258.17,1254.42,1260.61,1254.18,1258.17,-3.75,-0.3,0.51,
593,SPX,20051228,1256.54,1258.17,1261.1,1256.65,1256.54,1.63,0.13,0.35,
594,SPX,20051227,1268.66,1256.54,1271.83,1256.54,1268.66,-12.12,-0.96,1.21,
595,SPX,20051223,1268.12,1268.66,1269.76,1265.92,1268.12,0.54,0.04,0.3,
596,SPX,20051222,1262.91,1268.12,1268.19,1262.5,1262.8,5.33,0.42,0.45,
597,SPX,20051221,1260.51,1262.8,1269.37,1259.62,1259.62,3.17,0.25,0.77,
598,SPX,20051220,1259.92,1259.62,1263.86,1257.21,1259.92,-0.3,-0.02,0.53,
599,SPX,20051219,1267.32,1259.92,1270.51,1259.35,1267.32,-7.4,-0.58,0.88,
600,SPX,20051216,1271.16,1267.32,1275.24,1267.32,1270.94,-3.62,-0.28,0.62,
601,SPX,20051215,1272.74,1270.94,1275.17,1267.74,1272.74,-1.8,-0.14,0.58,
602,SPX,20051214,1267.43,1272.74,1275.8,1267.07,1267.43,5.31,0.42,0.69,
603,SPX,20051213,1259.99,1267.43,1272.11,1258.56,1260.43,6.99,0.55,1.08,
604,SPX,20051212,1259.37,1260.43,1263.86,1255.52,1259.37,1.06,0.08,0.66,
605,SPX,20051209,1255.84,1259.37,1263.08,1254.24,1255.84,3.53,0.28,0.7,
606,SPX,20051208,1257.48,1255.84,1263.36,1250.91,1257.37,-1.52,-0.12,0.99,
607,SPX,20051207,1263.7,1257.37,1264.85,1253.02,1263.7,-6.33,-0.5,0.94,
608,SPX,20051206,1263.34,1263.7,1272.89,1262.09,1262.09,1.61,0.13,0.86,
609,SPX,20051205,1265.08,1262.09,1265.08,1258.12,1265.08,-2.99,-0.24,0.55,
610,SPX,20051202,1264.67,1265.08,1266.85,1261.42,1264.67,0.41,0.03,0.43,
611,SPX,20051201,1249.48,1264.67,1266.17,1249.48,1249.48,15.19,1.22,1.34,
612,SPX,20051130,1257.3,1249.48,1260.93,1249.39,1257.48,-8.01,-0.64,0.92,
613,SPX,20051129,1258.02,1257.48,1266.18,1257.46,1257.46,0.02,0.0,0.69,
614,SPX,20051128,1267.99,1257.46,1268.44,1257.17,1268.25,-10.79,-0.85,0.89,
615,SPX,20051125,1265.61,1268.25,1268.78,1265.54,1265.61,2.64,0.21,0.26,
616,SPX,20051123,1261.23,1265.61,1270.64,1259.51,1261.23,4.38,0.35,0.88,
617,SPX,20051122,1254.06,1261.23,1261.9,1251.4,1254.85,6.38,0.51,0.84,
618,SPX,20051121,1248.27,1254.85,1255.89,1246.9,1248.27,6.58,0.53,0.72,
619,SPX,20051118,1249.35,1248.27,1249.58,1240.71,1242.8,5.47,0.44,0.71,
620,SPX,20051117,1231.92,1242.8,1242.96,1231.92,1231.21,11.59,0.94,0.9,
621,SPX,20051116,1229.36,1231.21,1232.24,1227.18,1229.01,2.2,0.18,0.41,
622,SPX,20051115,1233.48,1229.01,1237.94,1226.41,1233.76,-4.75,-0.38,0.93,
623,SPX,20051114,1234.72,1233.76,1237.2,1231.78,1234.72,-0.95,-0.08,0.44,
624,SPX,20051111,1231.36,1234.72,1235.7,1230.72,1230.96,3.75,0.3,0.4,
625,SPX,20051110,1220.75,1230.96,1232.41,1215.05,1220.65,10.31,0.84,1.42,
626,SPX,20051109,1218.39,1220.65,1226.59,1216.53,1218.59,2.06,0.17,0.83,
627,SPX,20051108,1221.72,1218.59,1222.81,1216.08,1222.81,-4.23,-0.35,0.55,
628,SPX,20051107,1220.14,1222.81,1224.18,1217.29,1220.14,2.68,0.22,0.56,
629,SPX,20051104,1219.94,1220.14,1222.52,1214.45,1219.94,0.2,0.02,0.66,
630,SPX,20051103,1214.76,1219.94,1224.7,1214.76,1214.76,5.18,0.43,0.82,
631,SPX,20051102,1201.79,1214.76,1215.17,1201.07,1202.76,12.0,1.0,1.17,
632,SPX,20051101,1207.01,1202.76,1207.34,1201.66,1207.01,-4.24,-0.35,0.47,
633,SPX,20051031,1198.41,1207.01,1211.43,1198.41,1198.41,8.59,0.72,1.09,
634,SPX,20051028,1178.9,1198.41,1198.41,1178.9,1178.9,19.51,1.66,1.65,
635,SPX,20051027,1191.38,1178.9,1192.65,1178.89,1191.38,-12.48,-1.05,1.15,
636,SPX,20051026,1196.06,1191.38,1204.01,1191.38,1196.54,-5.16,-0.43,1.06,
637,SPX,20051025,1198.55,1196.54,1201.3,1189.29,1199.38,-2.84,-0.24,1.0,
638,SPX,20051024,1179.59,1199.38,1199.39,1179.59,1179.59,19.79,1.68,1.68,
639,SPX,20051021,1177.8,1179.59,1186.45,1174.92,1177.8,1.8,0.15,0.98,
640,SPX,20051020,1195.76,1177.8,1197.3,1173.3,1195.76,-17.96,-1.5,2.01,
641,SPX,20051019,1177.09,1195.76,1195.76,1170.55,1178.14,17.61,1.49,2.14,
642,SPX,20051018,1190.1,1178.14,1190.1,1178.13,1190.1,-11.96,-1.0,1.01,
643,SPX,20051017,1186.57,1190.1,1191.21,1184.48,1186.57,3.54,0.3,0.57,
644,SPX,20051014,1177.33,1186.57,1187.13,1175.44,1176.84,9.73,0.83,0.99,
645,SPX,20051013,1177.68,1176.84,1179.56,1168.2,1177.68,-0.84,-0.07,0.96,
646,SPX,20051012,1183.38,1177.68,1190.02,1173.65,1184.87,-7.19,-0.61,1.38,
647,SPX,20051011,1187.33,1184.87,1193.1,1183.16,1187.33,-2.46,-0.21,0.84,
648,SPX,20051010,1196.02,1187.33,1196.52,1186.12,1195.9,-8.57,-0.72,0.87,
649,SPX,20051007,1191.49,1195.9,1199.71,1191.46,1191.49,4.41,0.37,0.69,
650,SPX,20051006,1196.39,1191.49,1202.14,1181.92,1196.39,-4.9,-0.41,1.69,
651,SPX,20051005,1214.47,1196.39,1214.47,1196.25,1214.47,-18.08,-1.49,1.5,
652,SPX,20051004,1226.7,1214.47,1229.88,1214.02,1226.7,-12.23,-1.0,1.29,
653,SPX,20051003,1228.81,1226.7,1233.34,1225.15,1228.81,-2.11,-0.17,0.67,
654,SPX,20050930,1227.68,1228.81,1229.57,1225.22,1227.68,1.14,0.09,0.35,
655,SPX,20050929,1216.71,1227.68,1228.7,1211.54,1216.89,10.78,0.89,1.41,
656,SPX,20050928,1215.66,1216.89,1220.98,1212.72,1215.66,1.23,0.1,0.68,
657,SPX,20050927,1215.63,1215.66,1220.17,1211.11,1215.63,0.03,0.0,0.75,
658,SPX,20050926,1216.05,1215.63,1222.56,1211.84,1215.29,0.34,0.03,0.88,
659,SPX,20050923,1214.62,1215.29,1218.83,1209.8,1214.62,0.67,0.06,0.74,
660,SPX,20050922,1209.98,1214.62,1216.64,1205.35,1210.2,4.42,0.37,0.93,
661,SPX,20050921,1221.52,1210.2,1221.52,1209.89,1221.34,-11.14,-0.91,0.95,
662,SPX,20050920,1231.02,1221.34,1236.49,1220.07,1231.02,-9.68,-0.79,1.33,
663,SPX,20050919,1237.91,1231.02,1237.91,1227.65,1237.91,-6.89,-0.56,0.83,
664,SPX,20050916,1226.99,1237.91,1237.95,1228.42,1227.73,10.19,0.83,0.78,
665,SPX,20050915,1226.51,1227.73,1231.88,1224.85,1227.16,0.56,0.05,0.57,
666,SPX,20050914,1231.66,1227.16,1234.74,1226.16,1231.2,-4.04,-0.33,0.7,
667,SPX,20050913,1240.08,1231.2,1240.57,1231.2,1240.56,-9.36,-0.75,0.76,
668,SPX,20050912,1240.91,1240.56,1242.6,1239.15,1241.48,-0.92,-0.07,0.28,
669,SPX,20050909,1232.64,1241.48,1243.13,1231.67,1231.67,9.8,0.8,0.93,
670,SPX,20050908,1235.89,1231.67,1236.36,1229.51,1236.36,-4.69,-0.38,0.55,
671,SPX,20050907,1233.02,1236.36,1237.06,1230.93,1233.39,2.97,0.24,0.5,
672,SPX,20050906,1218.02,1233.39,1233.61,1218.02,1218.02,15.37,1.26,1.28,
673,SPX,20050902,1221.2,1218.02,1224.45,1217.75,1221.59,-3.57,-0.29,0.55,
674,SPX,20050901,1219.71,1221.59,1227.29,1216.18,1220.33,1.26,0.1,0.91,
675,SPX,20050831,1208.33,1220.33,1220.36,1204.4,1208.41,11.92,0.99,1.32,
676,SPX,20050830,1212.28,1208.41,1212.28,1201.07,1212.28,-3.87,-0.32,0.92,
677,SPX,20050829,1202.81,1212.28,1214.28,1201.53,1205.1,7.18,0.6,1.06,
678,SPX,20050826,1212.17,1205.1,1212.4,1204.23,1212.39,-7.3,-0.6,0.67,
679,SPX,20050825,1209.59,1212.39,1213.73,1209.57,1209.59,2.81,0.23,0.34,
680,SPX,20050824,1217.4,1209.59,1224.15,1209.37,1217.57,-7.99,-0.66,1.21,
681,SPX,20050823,1221.54,1217.57,1223.04,1214.44,1221.73,-4.15,-0.34,0.7,
682,SPX,20050822,1219.54,1221.73,1228.96,1216.47,1219.71,2.01,0.17,1.02,
683,SPX,20050819,1219.52,1219.71,1225.08,1219.02,1219.02,0.69,0.06,0.5,
684,SPX,20050818,1220.17,1219.02,1222.64,1215.93,1220.24,-1.22,-0.1,0.55,
685,SPX,20050817,1219.44,1220.24,1225.63,1218.07,1219.34,0.89,0.07,0.62,
686,SPX,20050816,1233.01,1219.34,1233.87,1219.05,1233.87,-14.53,-1.18,1.2,
687,SPX,20050815,1230.46,1233.87,1236.24,1226.2,1230.39,3.48,0.28,0.82,
688,SPX,20050812,1235.18,1230.39,1237.81,1225.87,1237.81,-7.42,-0.6,0.96,
689,SPX,20050811,1229.18,1237.81,1237.81,1228.33,1229.13,8.68,0.71,0.77,
690,SPX,20050810,1231.49,1229.13,1242.69,1226.58,1231.38,-2.25,-0.18,1.31,
691,SPX,20050809,1223.42,1231.38,1234.11,1223.13,1223.13,8.25,0.67,0.9,
692,SPX,20050808,1226.63,1223.13,1232.28,1222.67,1226.42,-3.29,-0.27,0.78,
693,SPX,20050805,1236.0,1226.42,1235.86,1225.62,1235.86,-9.44,-0.76,0.83,
694,SPX,20050804,1243.17,1235.86,1245.04,1235.15,1245.04,-9.19,-0.74,0.79,
695,SPX,20050803,1244.3,1245.04,1245.86,1240.57,1244.12,0.93,0.07,0.43,
696,SPX,20050802,1235.7,1244.12,1244.69,1235.35,1235.35,8.77,0.71,0.76,
697,SPX,20050801,1234.86,1235.35,1239.1,1233.8,1234.18,1.17,0.09,0.43,
698,SPX,20050729,1243.39,1234.18,1245.04,1234.18,1243.72,-9.54,-0.77,0.87,
699,SPX,20050728,1236.98,1243.72,1245.15,1235.81,1236.79,6.93,0.56,0.76,
700,SPX,20050727,1231.32,1236.79,1237.64,1230.15,1231.16,5.63,0.46,0.61,
701,SPX,20050726,1229.38,1231.16,1234.42,1229.03,1229.03,2.13,0.17,0.44,
702,SPX,20050725,1233.44,1229.03,1238.36,1228.15,1233.68,-4.64,-0.38,0.83,
703,SPX,20050722,1227.32,1233.68,1234.19,1226.15,1227.04,6.63,0.54,0.66,
704,SPX,20050721,1235.83,1227.04,1235.83,1224.7,1235.2,-8.16,-0.66,0.9,
705,SPX,20050720,1227.36,1235.2,1236.56,1222.91,1229.35,5.85,0.48,1.11,
706,SPX,20050719,1222.47,1229.35,1230.34,1221.13,1221.13,8.22,0.67,0.75,
707,SPX,20050718,1226.72,1221.13,1227.92,1221.13,1227.92,-6.79,-0.55,0.55,
708,SPX,20050715,1226.7,1227.92,1229.53,1223.5,1226.5,1.42,0.12,0.49,
709,SPX,20050714,1223.46,1226.5,1233.16,1223.29,1223.29,3.22,0.26,0.81,
710,SPX,20050713,1222.37,1223.29,1224.46,1219.64,1222.21,1.08,0.09,0.39,
711,SPX,20050712,1219.44,1222.21,1225.54,1216.6,1219.44,2.77,0.23,0.73,
712,SPX,20050711,1211.97,1219.44,1220.03,1211.86,1211.86,7.58,0.63,0.67,
713,SPX,20050708,1197.99,1211.86,1212.73,1197.2,1197.87,13.99,1.17,1.3,
714,SPX,20050707,1195.04,1197.87,1198.46,1183.55,1194.94,2.92,0.24,1.25,
715,SPX,20050706,1204.83,1194.94,1206.11,1194.78,1204.99,-10.05,-0.83,0.94,
716,SPX,20050705,1193.87,1204.99,1206.34,1192.49,1194.44,10.55,0.88,1.16,
717,SPX,20050701,1191.32,1194.44,1197.89,1191.33,1191.33,3.11,0.26,0.55,
718,SPX,20050630,1199.86,1191.33,1203.27,1190.51,1199.85,-8.52,-0.71,1.06,
719,SPX,20050629,1202.64,1199.85,1204.07,1198.7,1201.57,-1.71,-0.14,0.45,
720,SPX,20050628,1190.59,1201.57,1202.54,1190.69,1190.69,10.88,0.91,1.0,
721,SPX,20050627,1191.33,1190.69,1194.33,1188.3,1191.57,-0.88,-0.07,0.51,
722,SPX,20050624,1200.63,1191.57,1200.9,1191.45,1200.73,-9.16,-0.76,0.79,
723,SPX,20050623,1214.19,1200.73,1216.45,1200.72,1213.88,-13.15,-1.08,1.3,
724,SPX,20050622,1213.51,1213.88,1219.59,1211.69,1213.61,0.27,0.02,0.65,
725,SPX,20050621,1216.0,1213.61,1217.13,1211.86,1216.1,-2.49,-0.2,0.43,
726,SPX,20050620,1216.85,1216.1,1219.1,1210.65,1216.96,-0.86,-0.07,0.69,
727,SPX,20050617,1210.92,1216.96,1219.55,1210.93,1210.96,6.01,0.5,0.71,
728,SPX,20050616,1206.6,1210.96,1212.1,1205.47,1206.58,4.37,0.36,0.55,
729,SPX,20050615,1204.93,1206.58,1208.08,1198.66,1203.91,2.67,0.22,0.78,
730,SPX,20050614,1200.64,1203.91,1207.53,1200.18,1200.82,3.09,0.26,0.61,
731,SPX,20050613,1197.94,1200.82,1206.03,1194.51,1198.11,2.71,0.23,0.96,
732,SPX,20050610,1200.87,1198.11,1202.79,1192.64,1200.93,-2.82,-0.24,0.85,
733,SPX,20050609,1194.52,1200.93,1201.86,1191.09,1194.67,6.26,0.52,0.9,
734,SPX,20050608,1198.54,1194.67,1201.97,1193.33,1197.26,-2.6,-0.22,0.72,
735,SPX,20050607,1198.37,1197.26,1208.85,1197.26,1197.51,-0.24,-0.02,0.97,
736,SPX,20050606,1195.92,1197.51,1198.78,1192.75,1196.02,1.49,0.12,0.5,
737,SPX,20050603,1204.3,1196.02,1205.09,1194.55,1204.29,-8.28,-0.69,0.88,
738,SPX,20050602,1202.19,1204.29,1204.67,1198.42,1202.27,2.02,0.17,0.52,
739,SPX,20050601,1191.07,1202.27,1205.64,1191.03,1191.5,10.77,0.9,1.23,
740,SPX,20050531,1198.66,1191.5,1198.78,1191.5,1198.78,-7.28,-0.61,0.61,
741,SPX,20050527,1197.62,1198.78,1199.56,1195.28,1197.62,1.16,0.1,0.36,
742,SPX,20050526,1189.91,1197.62,1198.95,1190.01,1190.01,7.62,0.64,0.75,
743,SPX,20050525,1192.42,1190.01,1194.07,1185.96,1194.07,-4.07,-0.34,0.68,
744,SPX,20050524,1193.83,1194.07,1195.29,1189.87,1193.86,0.21,0.02,0.45,
745,SPX,20050523,1189.14,1193.86,1197.44,1188.76,1189.28,4.58,0.39,0.73,
746,SPX,20050520,1191.14,1189.28,1191.22,1185.19,1191.08,-1.8,-0.15,0.51,
747,SPX,20050519,1185.72,1191.08,1191.09,1184.49,1185.56,5.52,0.47,0.56,
748,SPX,20050518,1173.65,1185.56,1187.9,1173.8,1173.8,11.76,1.0,1.2,
749,SPX,20050517,1165.66,1173.8,1174.35,1159.86,1165.69,8.11,0.7,1.24,
750,SPX,20050516,1154.35,1165.69,1165.75,1153.64,1154.05,11.64,1.01,1.05,
751,SPX,20050513,1159.3,1154.05,1163.75,1146.18,1159.36,-5.31,-0.46,1.52,
752,SPX,20050512,1171.1,1159.36,1173.37,1157.76,1171.11,-11.75,-1.0,1.33,
753,SPX,20050511,1166.22,1171.11,1171.77,1157.71,1166.22,4.89,0.42,1.21,
754,SPX,20050510,1178.7,1166.22,1178.84,1162.98,1178.84,-12.62,-1.07,1.35,
755,SPX,20050509,1171.24,1178.84,1178.87,1169.38,1171.35,7.49,0.64,0.81,
756,SPX,20050506,1172.48,1171.35,1177.75,1170.5,1172.63,-1.28,-0.11,0.62,
757,SPX,20050505,1175.48,1172.63,1178.62,1166.77,1175.65,-3.02,-0.26,1.01,
758,SPX,20050504,1161.57,1175.65,1176.01,1161.17,1161.17,14.48,1.25,1.28,
759,SPX,20050503,1161.7,1161.17,1166.89,1156.71,1162.16,-0.99,-0.09,0.88,
760,SPX,20050502,1156.61,1162.16,1162.87,1154.71,1156.85,5.32,0.46,0.71,
761,SPX,20050429,1143.22,1156.85,1156.97,1139.19,1143.22,13.63,1.19,1.56,
762,SPX,20050428,1156.16,1143.22,1156.38,1143.22,1156.38,-13.17,-1.14,1.14,
763,SPX,20050427,1151.04,1156.38,1159.87,1144.42,1151.74,4.65,0.4,1.34,
764,SPX,20050426,1161.81,1151.74,1164.8,1151.74,1162.1,-10.37,-0.89,1.12,
765,SPX,20050425,1153.46,1162.1,1164.05,1152.12,1152.12,9.98,0.87,1.04,
766,SPX,20050422,1159.95,1152.12,1159.95,1142.95,1159.95,-7.82,-0.67,1.47,
767,SPX,20050421,1137.36,1159.95,1159.95,1137.5,1137.5,22.45,1.97,1.97,
768,SPX,20050420,1154.09,1137.5,1155.5,1136.15,1152.78,-15.28,-1.33,1.68,
769,SPX,20050419,1147.07,1152.78,1154.67,1145.98,1145.98,6.81,0.59,0.76,
770,SPX,20050418,1142.4,1145.98,1148.92,1139.8,1142.62,3.35,0.29,0.8,
771,SPX,20050415,1160.12,1142.62,1162.05,1141.92,1162.05,-19.42,-1.67,1.73,
772,SPX,20050414,1173.7,1162.05,1174.67,1161.7,1173.79,-11.74,-1.0,1.1,
773,SPX,20050413,1187.64,1173.79,1187.76,1171.4,1187.76,-13.97,-1.18,1.38,
774,SPX,20050412,1181.06,1187.76,1190.17,1170.85,1181.21,6.55,0.55,1.64,
775,SPX,20050411,1181.05,1181.21,1184.07,1178.69,1181.2,0.01,0.0,0.46,
776,SPX,20050408,1190.94,1181.2,1191.75,1181.13,1191.14,-9.94,-0.83,0.89,
777,SPX,20050407,1184.23,1191.14,1191.88,1183.81,1184.07,7.07,0.6,0.68,
778,SPX,20050406,1181.63,1184.07,1189.34,1181.39,1181.39,2.67,0.23,0.67,
779,SPX,20050405,1176.52,1181.39,1183.56,1176.12,1176.12,5.27,0.45,0.63,
780,SPX,20050404,1172.97,1176.12,1178.61,1167.72,1172.92,3.2,0.27,0.93,
781,SPX,20050401,1181.44,1172.92,1189.8,1169.91,1180.59,-7.67,-0.65,1.68,
782,SPX,20050331,1181.36,1180.59,1184.53,1179.49,1181.41,-0.82,-0.07,0.43,
783,SPX,20050330,1166.06,1181.41,1181.54,1165.36,1165.36,16.05,1.38,1.39,
784,SPX,20050329,1174.3,1165.36,1179.39,1163.69,1174.28,-8.92,-0.76,1.34,
785,SPX,20050328,1171.4,1174.28,1179.91,1171.42,1171.42,2.86,0.24,0.72,
786,SPX,20050324,1172.55,1171.42,1180.11,1171.42,1172.53,-1.11,-0.09,0.74,
787,SPX,20050323,1171.75,1172.53,1176.26,1168.7,1171.71,0.82,0.07,0.65,
788,SPX,20050322,1183.78,1171.71,1189.59,1171.63,1183.78,-12.07,-1.02,1.52,
789,SPX,20050321,1189.65,1183.78,1189.65,1178.82,1189.65,-5.86,-0.49,0.91,
790,SPX,20050318,1190.21,1189.65,1191.98,1182.78,1190.21,-0.56,-0.05,0.77,
791,SPX,20050317,1188.07,1190.21,1193.28,1186.34,1188.07,2.13,0.18,0.58,
792,SPX,20050316,1197.11,1188.07,1197.75,1185.61,1197.75,-9.68,-0.81,1.01,
793,SPX,20050315,1206.83,1197.75,1210.54,1197.75,1206.83,-9.08,-0.75,1.06,
794,SPX,20050314,1200.46,1206.83,1206.83,1199.51,1200.08,6.75,0.56,0.61,
795,SPX,20050311,1209.25,1200.08,1213.04,1198.15,1209.25,-9.17,-0.76,1.23,
796,SPX,20050310,1207.48,1209.25,1211.23,1201.41,1207.01,2.24,0.19,0.81,
797,SPX,20050309,1219.43,1207.01,1219.43,1206.66,1219.43,-12.42,-1.02,1.05,
798,SPX,20050308,1224.84,1219.43,1225.69,1218.57,1225.31,-5.89,-0.48,0.58,
799,SPX,20050307,1222.12,1225.31,1229.11,1222.12,1222.12,3.19,0.26,0.57,
800,SPX,20050304,1210.47,1222.12,1224.76,1210.47,1210.47,11.65,0.96,1.18,
801,SPX,20050303,1210.08,1210.47,1215.72,1204.45,1210.08,0.39,0.03,0.93,
802,SPX,20050302,1210.41,1210.08,1215.79,1204.22,1210.41,-0.33,-0.03,0.96,
803,SPX,20050301,1204.72,1210.41,1212.25,1203.6,1203.6,6.81,0.57,0.72,
804,SPX,20050228,1211.37,1203.6,1211.37,1198.13,1211.37,-7.77,-0.64,1.09,
805,SPX,20050225,1200.17,1211.37,1212.15,1199.61,1200.2,11.17,0.93,1.04,
806,SPX,20050224,1190.8,1200.2,1200.42,1187.8,1190.8,9.4,0.79,1.06,
807,SPX,20050223,1185.48,1190.8,1193.52,1184.16,1184.16,6.64,0.56,0.79,
808,SPX,20050222,1201.59,1184.16,1202.48,1184.16,1201.59,-17.42,-1.45,1.52,
809,SPX,20050218,1201.08,1201.59,1202.92,1197.35,1200.75,0.83,0.07,0.46,
810,SPX,20050217,1210.34,1200.75,1211.33,1200.74,1210.34,-9.59,-0.79,0.87,
811,SPX,20050216,1210.12,1210.34,1212.44,1205.52,1210.12,0.21,0.02,0.57,
812,SPX,20050215,1206.14,1210.12,1212.44,1205.52,1206.14,3.98,0.33,0.57,
813,SPX,20050214,1205.3,1206.14,1206.93,1203.59,1205.3,0.84,0.07,0.28,
814,SPX,20050211,1197.01,1205.3,1208.38,1193.28,1197.01,8.3,0.69,1.26,
815,SPX,20050210,1192.64,1197.01,1198.75,1191.54,1191.99,5.02,0.42,0.6,
816,SPX,20050209,1202.3,1191.99,1203.83,1191.54,1202.3,-10.31,-0.86,1.02,
817,SPX,20050208,1201.33,1202.3,1205.11,1200.16,1201.72,0.58,0.05,0.41,
818,SPX,20050207,1203.03,1201.72,1204.15,1199.27,1203.03,-1.31,-0.11,0.41,
819,SPX,20050204,1189.83,1203.03,1203.47,1189.67,1189.89,13.14,1.1,1.16,
820,SPX,20050203,1193.19,1189.89,1193.19,1185.63,1193.19,-3.29,-0.28,0.63,
821,SPX,20050202,1189.41,1193.19,1195.25,1188.92,1189.41,3.78,0.32,0.53,
822,SPX,20050201,1181.27,1189.41,1190.39,1180.95,1181.27,8.14,0.69,0.8,
823,SPX,20050131,1171.36,1181.27,1182.07,1171.36,1171.36,9.9,0.85,0.91,
824,SPX,20050128,1174.55,1171.36,1175.63,1166.3,1174.55,-3.19,-0.27,0.79,
825,SPX,20050127,1173.55,1174.55,1177.5,1170.15,1174.07,0.48,0.04,0.63,
826,SPX,20050126,1168.41,1174.07,1175.99,1168.41,1168.41,5.66,0.48,0.65,
827,SPX,20050125,1166.61,1168.41,1174.3,1163.75,1163.75,4.66,0.4,0.91,
828,SPX,20050124,1168.59,1163.75,1173.17,1163.75,1167.87,-4.11,-0.35,0.81,
829,SPX,20050121,1175.41,1167.87,1179.55,1167.82,1175.41,-7.54,-0.64,1.0,
830,SPX,20050120,1184.63,1175.41,1184.63,1173.39,1184.63,-9.22,-0.78,0.95,
831,SPX,20050119,1195.51,1184.63,1195.98,1184.37,1195.98,-11.35,-0.95,0.97,
832,SPX,20050118,1183.64,1195.98,1195.98,1180.1,1184.52,11.46,0.97,1.34,
833,SPX,20050114,1177.45,1184.52,1185.21,1177.45,1177.45,7.07,0.6,0.66,
834,SPX,20050113,1187.64,1177.45,1187.7,1175.61,1187.7,-10.25,-0.86,1.02,
835,SPX,20050112,1182.99,1187.7,1187.98,1175.64,1182.99,4.71,0.4,1.04,
836,SPX,20050111,1190.25,1182.99,1190.25,1180.43,1190.25,-7.25,-0.61,0.83,
837,SPX,20050110,1186.19,1190.25,1194.78,1184.8,1186.19,4.05,0.34,0.84,
838,SPX,20050107,1187.89,1186.19,1192.2,1182.11,1187.89,-1.69,-0.14,0.85,
839,SPX,20050106,1183.74,1187.89,1191.63,1183.23,1183.74,4.15,0.35,0.71,
840,SPX,20050105,1188.05,1183.74,1192.75,1183.72,1188.05,-4.31,-0.36,0.76,
841,SPX,20050104,1202.08,1188.05,1205.84,1185.39,1202.08,-14.04,-1.17,1.7,
842,SPX,20050103,1213.43,1202.08,1217.9,1200.3,1211.92,-9.83,-0.81,1.45,
843,SPX,20041231,1213.55,1211.92,1217.33,1211.65,1213.55,-1.64,-0.13,0.47,
844,SPX,20041230,1213.45,1213.55,1216.47,1213.41,1213.45,0.11,0.01,0.25,
845,SPX,20041229,1212.72,1213.45,1213.95,1210.95,1213.54,-0.1,-0.01,0.25,
846,SPX,20041228,1204.92,1213.54,1213.54,1204.92,1204.92,8.63,0.72,0.72,
847,SPX,20041227,1210.13,1204.92,1214.17,1204.92,1210.13,-5.21,-0.43,0.76,
848,SPX,20041223,1209.57,1210.13,1213.66,1208.71,1209.57,0.56,0.05,0.41,
849,SPX,20041222,1205.45,1209.57,1211.42,1203.81,1205.45,4.11,0.34,0.63,
850,SPX,20041221,1194.65,1205.45,1205.93,1194.65,1194.65,10.8,0.9,0.94,
851,SPX,20041220,1194.2,1194.65,1203.64,1193.36,1194.22,0.43,0.04,0.86,
852,SPX,20041217,1202.26,1194.22,1203.21,1193.44,1203.21,-8.99,-0.75,0.81,
853,SPX,20041216,1205.72,1203.21,1207.97,1198.41,1205.72,-2.51,-0.21,0.79,
854,SPX,20041215,1203.09,1205.72,1206.61,1199.44,1203.38,2.34,0.19,0.6,
855,SPX,20041214,1198.68,1203.38,1205.29,1197.84,1198.68,4.7,0.39,0.62,
856,SPX,20041213,1189.87,1198.68,1198.77,1188.0,1188.0,10.68,0.9,0.91,
857,SPX,20041210,1187.45,1188.0,1191.45,1185.24,1189.24,-1.24,-0.1,0.52,
858,SPX,20041209,1181.18,1189.24,1190.51,1173.76,1182.81,6.43,0.54,1.42,
859,SPX,20041208,1177.07,1182.81,1184.05,1176.8,1177.07,5.74,0.49,0.62,
860,SPX,20041207,1190.44,1177.07,1192.19,1177.07,1190.25,-13.18,-1.11,1.27,
861,SPX,20041206,1190.84,1190.25,1192.41,1185.18,1191.17,-0.92,-0.08,0.61,
862,SPX,20041203,1190.33,1191.17,1197.46,1187.7,1190.33,0.84,0.07,0.82,
863,SPX,20041202,1190.68,1190.33,1194.81,1186.66,1191.37,-1.05,-0.09,0.68,
864,SPX,20041201,1173.78,1191.37,1191.37,1173.78,1173.82,17.55,1.49,1.5,
865,SPX,20041130,1178.57,1173.82,1178.66,1173.81,1178.57,-4.75,-0.4,0.41,
866,SPX,20041129,1182.65,1178.57,1186.94,1172.37,1182.65,-4.08,-0.34,1.23,
867,SPX,20041126,1181.76,1182.65,1186.62,1181.08,1181.76,0.89,0.08,0.47,
868,SPX,20041124,1176.94,1181.76,1182.46,1176.94,1176.94,4.82,0.41,0.47,
869,SPX,20041123,1176.63,1176.94,1179.52,1171.41,1177.24,-0.3,-0.03,0.69,
870,SPX,20041122,1170.34,1177.24,1178.18,1167.89,1170.34,6.9,0.59,0.88,
871,SPX,20041119,1183.55,1170.34,1184.0,1169.17,1183.55,-13.21,-1.12,1.25,
872,SPX,20041118,1181.78,1183.55,1184.9,1180.09,1181.94,1.6,0.14,0.41,
873,SPX,20041117,1175.43,1181.94,1188.46,1175.43,1175.43,6.51,0.55,1.11,
874,SPX,20041116,1183.81,1175.43,1183.81,1175.32,1183.81,-8.38,-0.71,0.72,
875,SPX,20041115,1183.81,1183.81,1184.48,1179.85,1184.17,-0.36,-0.03,0.39,
876,SPX,20041112,1173.48,1184.17,1184.17,1171.39,1173.48,10.7,0.91,1.09,
877,SPX,20041111,1162.91,1173.48,1174.82,1162.91,1162.91,10.57,0.91,1.02,
878,SPX,20041110,1164.08,1162.91,1169.35,1162.51,1164.08,-1.17,-0.1,0.59,
879,SPX,20041109,1164.89,1164.08,1168.97,1162.48,1164.89,-0.8,-0.07,0.56,
880,SPX,20041108,1166.17,1164.89,1166.86,1162.32,1166.17,-1.29,-0.11,0.39,
881,SPX,20041105,1163.04,1166.17,1170.87,1160.36,1161.67,4.5,0.39,0.9,
882,SPX,20041104,1143.2,1161.67,1161.67,1142.34,1143.2,18.47,1.62,1.69,
883,SPX,20041103,1130.54,1143.2,1147.6,1130.54,1130.54,12.65,1.12,1.51,
884,SPX,20041102,1130.51,1130.54,1140.48,1128.12,1130.51,0.04,0.0,1.09,
885,SPX,20041101,1130.26,1130.51,1133.43,1127.53,1130.2,0.31,0.03,0.52,
886,SPX,20041029,1127.44,1130.2,1131.44,1124.62,1127.44,2.76,0.25,0.6,
887,SPX,20041028,1124.75,1127.44,1130.67,1120.57,1125.4,2.03,0.18,0.9,
888,SPX,20041027,1110.28,1125.4,1126.29,1107.43,1111.09,14.31,1.29,1.7,
889,SPX,20041026,1094.81,1111.09,1111.1,1094.81,1094.81,16.28,1.49,1.49,
890,SPX,20041025,1095.15,1094.81,1096.81,1090.19,1095.74,-0.93,-0.08,0.6,
891,SPX,20041022,1106.49,1095.74,1108.32,1095.29,1106.49,-10.75,-0.97,1.18,
892,SPX,20041021,1104.42,1106.49,1108.96,1098.47,1103.66,2.83,0.26,0.95,
893,SPX,20041020,1103.23,1103.66,1104.09,1094.25,1103.23,0.43,0.04,0.89,
894,SPX,20041019,1114.02,1103.23,1118.03,1103.15,1114.02,-10.79,-0.97,1.34,
895,SPX,20041018,1108.2,1114.02,1114.46,1103.33,1108.2,5.82,0.53,1.0,
896,SPX,20041015,1103.29,1108.2,1113.17,1102.14,1103.29,4.91,0.44,1.0,
897,SPX,20041014,1113.65,1103.29,1114.97,1102.06,1113.65,-10.36,-0.93,1.16,
898,SPX,20041013,1121.84,1113.65,1127.01,1109.63,1121.84,-8.2,-0.73,1.55,
899,SPX,20041012,1122.94,1121.84,1124.39,1115.77,1124.39,-2.54,-0.23,0.77,
900,SPX,20041011,1122.14,1124.39,1126.2,1122.14,1122.14,2.25,0.2,0.36,
901,SPX,20041008,1129.83,1122.14,1132.92,1120.19,1130.65,-8.51,-0.75,1.13,
902,SPX,20041007,1142.05,1130.65,1142.05,1130.46,1142.05,-11.4,-1.0,1.01,
903,SPX,20041006,1134.16,1142.05,1142.05,1132.94,1134.48,7.57,0.67,0.8,
904,SPX,20041005,1134.81,1134.48,1137.97,1132.03,1135.17,-0.68,-0.06,0.52,
905,SPX,20041004,1131.5,1135.17,1140.19,1131.5,1131.5,3.67,0.32,0.77,
906,SPX,20041001,1114.58,1131.5,1131.64,1114.58,1114.58,16.92,1.52,1.53,
907,SPX,20040930,1114.8,1114.58,1116.31,1109.61,1114.8,-0.22,-0.02,0.6,
908,SPX,20040929,1109.89,1114.8,1114.8,1107.36,1110.06,4.75,0.43,0.67,
909,SPX,20040928,1103.52,1110.06,1111.77,1101.29,1103.52,6.54,0.59,0.95,
910,SPX,20040927,1109.05,1103.52,1110.11,1103.24,1110.11,-6.59,-0.59,0.62,
911,SPX,20040924,1108.36,1110.11,1113.81,1108.36,1108.36,1.75,0.16,0.49,
912,SPX,20040923,1113.56,1108.36,1113.61,1108.05,1113.56,-5.2,-0.47,0.5,
913,SPX,20040922,1126.72,1113.56,1129.3,1112.67,1129.3,-15.74,-1.39,1.47,
914,SPX,20040921,1122.83,1129.3,1131.54,1122.2,1122.2,7.1,0.63,0.83,
915,SPX,20040920,1128.55,1122.2,1128.55,1120.34,1128.55,-6.35,-0.56,0.73,
916,SPX,20040917,1123.5,1128.55,1130.48,1123.5,1123.5,5.04,0.45,0.62,
917,SPX,20040916,1120.37,1123.5,1126.06,1120.37,1120.37,3.14,0.28,0.51,
918,SPX,20040915,1128.33,1120.37,1128.33,1119.74,1128.33,-7.96,-0.71,0.76,
919,SPX,20040914,1125.82,1128.33,1129.46,1124.72,1125.82,2.51,0.22,0.42,
920,SPX,20040913,1123.92,1125.82,1129.78,1123.35,1123.92,1.9,0.17,0.57,
921,SPX,20040910,1118.49,1123.92,1125.26,1114.39,1118.38,5.53,0.49,0.97,
922,SPX,20040909,1116.27,1118.38,1121.3,1113.62,1116.27,2.12,0.19,0.69,
923,SPX,20040908,1121.3,1116.27,1123.05,1116.27,1121.3,-5.03,-0.45,0.6,
924,SPX,20040907,1113.63,1121.3,1124.08,1113.63,1113.63,7.67,0.69,0.94,
925,SPX,20040903,1116.09,1113.63,1120.8,1113.57,1118.31,-4.68,-0.42,0.65,
926,SPX,20040902,1105.6,1118.31,1119.11,1105.6,1105.91,12.4,1.12,1.22,
927,SPX,20040901,1104.24,1105.91,1109.25,1099.11,1104.24,1.67,0.15,0.92,
928,SPX,20040831,1099.15,1104.24,1104.24,1094.72,1099.15,5.08,0.46,0.87,
929,SPX,20040830,1107.77,1099.15,1107.77,1099.15,1107.77,-8.61,-0.78,0.78,
930,SPX,20040827,1105.09,1107.77,1109.68,1104.61,1105.09,2.68,0.24,0.46,
931,SPX,20040826,1104.26,1105.09,1106.78,1102.43,1104.96,0.13,0.01,0.39,
932,SPX,20040825,1096.19,1104.96,1106.29,1093.24,1096.19,8.77,0.8,1.19,
933,SPX,20040824,1096.47,1096.19,1100.94,1092.82,1095.68,0.51,0.05,0.74,
934,SPX,20040823,1098.35,1095.68,1101.4,1094.73,1098.35,-2.67,-0.24,0.61,
935,SPX,20040820,1091.23,1098.35,1100.26,1089.57,1091.23,7.12,0.65,0.98,
936,SPX,20040819,1094.99,1091.23,1095.17,1086.28,1095.17,-3.94,-0.36,0.81,
937,SPX,20040818,1081.71,1095.17,1095.17,1078.93,1081.71,13.46,1.24,1.5,
938,SPX,20040817,1079.34,1081.71,1086.96,1079.34,1079.34,2.37,0.22,0.71,
939,SPX,20040816,1064.8,1079.34,1080.66,1064.8,1064.8,14.54,1.37,1.49,
940,SPX,20040813,1063.23,1064.8,1075.79,1062.82,1063.23,1.57,0.15,1.22,
941,SPX,20040812,1075.79,1063.23,1075.79,1062.82,1075.79,-12.56,-1.17,1.21,
942,SPX,20040811,1079.04,1075.79,1079.04,1065.92,1079.04,-3.24,-0.3,1.22,
943,SPX,20040810,1066.22,1079.04,1079.04,1065.22,1065.22,13.82,1.3,1.3,
944,SPX,20040809,1064.8,1065.22,1069.46,1063.97,1063.97,1.25,0.12,0.52,
945,SPX,20040806,1080.7,1063.97,1080.7,1062.23,1080.7,-16.73,-1.55,1.71,
946,SPX,20040805,1098.63,1080.7,1098.83,1079.98,1098.63,-17.93,-1.63,1.72,
947,SPX,20040804,1099.69,1098.63,1102.45,1092.4,1099.69,-1.05,-0.1,0.91,
948,SPX,20040803,1106.62,1099.69,1106.62,1099.2,1106.62,-6.93,-0.63,0.67,
949,SPX,20040802,1101.72,1106.62,1108.6,1097.34,1101.72,4.9,0.44,1.02,
950,SPX,20040730,1100.37,1101.72,1103.73,1096.96,1100.43,1.29,0.12,0.62,
951,SPX,20040729,1097.09,1100.43,1103.71,1095.42,1095.42,5.0,0.46,0.76,
952,SPX,20040728,1093.88,1095.42,1098.84,1082.17,1094.83,0.6,0.05,1.52,
953,SPX,20040727,1084.07,1094.83,1096.65,1084.07,1084.07,10.76,0.99,1.16,
954,SPX,20040726,1086.2,1084.07,1089.82,1078.78,1086.2,-2.14,-0.2,1.02,
955,SPX,20040723,1096.85,1086.2,1096.84,1083.49,1096.84,-10.64,-0.97,1.22,
956,SPX,20040722,1093.87,1096.84,1099.69,1084.16,1093.88,2.96,0.27,1.42,
957,SPX,20040721,1108.67,1093.88,1116.27,1093.88,1108.67,-14.78,-1.33,2.02,
958,SPX,20040720,1100.9,1108.67,1108.88,1099.1,1100.9,7.76,0.7,0.89,
959,SPX,20040719,1101.39,1100.9,1105.52,1096.55,1101.39,-0.49,-0.04,0.81,
960,SPX,20040716,1106.69,1101.39,1112.17,1101.07,1106.69,-5.29,-0.48,1.0,
961,SPX,20040715,1111.47,1106.69,1114.67,1106.6,1111.47,-4.78,-0.43,0.73,
962,SPX,20040714,1115.14,1111.47,1119.6,1107.83,1115.14,-3.67,-0.33,1.06,
963,SPX,20040713,1114.87,1115.14,1116.3,1112.99,1114.35,0.78,0.07,0.3,
964,SPX,20040712,1111.57,1114.35,1116.11,1106.71,1112.81,1.54,0.14,0.84,
965,SPX,20040709,1109.11,1112.81,1115.57,1109.11,1109.11,3.71,0.33,0.58,
966,SPX,20040708,1116.72,1109.11,1119.12,1108.72,1118.33,-9.22,-0.82,0.93,
967,SPX,20040707,1116.21,1118.33,1122.37,1114.92,1116.21,2.12,0.19,0.67,
968,SPX,20040706,1123.58,1116.21,1125.38,1113.21,1125.38,-9.17,-0.81,1.08,
969,SPX,20040702,1128.94,1125.38,1129.18,1123.26,1128.94,-3.56,-0.32,0.52,
970,SPX,20040701,1140.84,1128.94,1140.84,1123.06,1140.84,-11.89,-1.04,1.56,
971,SPX,20040630,1136.2,1140.84,1144.22,1133.62,1136.2,4.63,0.41,0.93,
972,SPX,20040629,1133.35,1136.2,1138.26,1131.81,1133.35,2.86,0.25,0.57,
973,SPX,20040628,1134.43,1133.35,1142.6,1131.62,1134.43,-1.09,-0.1,0.97,
974,SPX,20040625,1140.65,1134.43,1145.97,1134.24,1140.65,-6.22,-0.55,1.03,
975,SPX,20040624,1143.76,1140.65,1146.34,1139.94,1144.06,-3.41,-0.3,0.56,
976,SPX,20040623,1134.12,1144.06,1145.16,1131.73,1134.41,9.65,0.85,1.18,
977,SPX,20040622,1130.3,1134.41,1135.05,1124.37,1130.3,4.11,0.36,0.94,
978,SPX,20040621,1135.43,1130.3,1138.05,1129.64,1135.02,-4.72,-0.42,0.74,
979,SPX,20040618,1132.05,1135.02,1139.08,1129.82,1132.05,2.97,0.26,0.82,
980,SPX,20040617,1133.56,1132.05,1133.56,1126.88,1133.56,-1.51,-0.13,0.59,
981,SPX,20040616,1132.01,1133.56,1135.28,1130.55,1132.01,1.55,0.14,0.42,
982,SPX,20040615,1126.55,1132.01,1137.36,1125.29,1125.29,6.72,0.6,1.07,
983,SPX,20040614,1136.47,1125.29,1136.47,1122.16,1136.47,-11.18,-0.98,1.26,
984,SPX,20040610,1131.33,1136.47,1136.47,1131.33,1131.33,5.15,0.45,0.45,
985,SPX,20040609,1141.09,1131.33,1142.18,1131.16,1142.18,-10.86,-0.95,0.96,
986,SPX,20040608,1139.23,1142.18,1142.18,1135.45,1140.42,1.76,0.15,0.59,
987,SPX,20040607,1122.5,1140.42,1140.54,1122.5,1122.5,17.91,1.6,1.61,
988,SPX,20040604,1116.65,1122.5,1129.17,1116.64,1116.64,5.86,0.53,1.12,
989,SPX,20040603,1124.99,1116.64,1125.31,1116.56,1124.99,-8.35,-0.74,0.78,
990,SPX,20040602,1121.2,1124.99,1128.1,1118.64,1121.2,3.79,0.34,0.84,
991,SPX,20040601,1119.48,1121.2,1122.7,1113.32,1120.68,0.51,0.05,0.84,
992,SPX,20040528,1121.37,1120.68,1122.69,1118.1,1121.28,-0.59,-0.05,0.41,
993,SPX,20040527,1114.94,1121.28,1123.95,1114.86,1114.94,6.33,0.57,0.82,
994,SPX,20040526,1112.37,1114.94,1116.71,1109.91,1113.05,1.9,0.17,0.61,
995,SPX,20040525,1095.41,1113.05,1113.8,1090.74,1095.41,17.64,1.61,2.11,
996,SPX,20040524,1093.56,1095.41,1101.71,1091.77,1093.56,1.85,0.17,0.91,
997,SPX,20040521,1090.69,1093.56,1099.7,1089.19,1089.19,4.37,0.4,0.96,
998,SPX,20040520,1089.08,1089.19,1092.62,1085.43,1088.68,0.5,0.05,0.66,
999,SPX,20040519,1091.49,1088.68,1105.93,1088.49,1091.49,-2.81,-0.26,1.6,
1000,SPX,20040518,1084.1,1091.49,1094.14,1084.1,1084.1,7.39,0.68,0.93,
1001,SPX,20040517,1095.7,1084.1,1095.7,1079.36,1095.7,-11.6,-1.06,1.49,
1002,SPX,20040514,1096.44,1095.7,1102.37,1088.24,1096.44,-0.74,-0.07,1.29,
1003,SPX,20040513,1097.28,1096.44,1102.77,1091.76,1097.28,-0.85,-0.08,1.0,
1004,SPX,20040512,1094.47,1097.28,1097.55,1076.32,1095.45,1.83,0.17,1.94,
1005,SPX,20040511,1088.14,1095.45,1095.69,1087.12,1087.12,8.33,0.77,0.79,
1006,SPX,20040510,1098.7,1087.12,1098.7,1079.63,1098.7,-11.58,-1.05,1.74,
1007,SPX,20040507,1113.99,1098.7,1117.33,1098.63,1113.99,-15.29,-1.37,1.68,
1008,SPX,20040506,1121.53,1113.99,1121.53,1106.3,1121.53,-7.54,-0.67,1.36,
1009,SPX,20040505,1119.55,1121.53,1125.07,1117.86,1119.55,1.98,0.18,0.64,
1010,SPX,20040504,1117.49,1119.55,1127.74,1112.89,1117.49,2.06,0.18,1.33,
1011,SPX,20040503,1107.3,1117.49,1118.72,1107.3,1107.3,10.19,0.92,1.03,
1012,SPX,20040430,1113.89,1107.3,1119.26,1107.23,1113.89,-6.58,-0.59,1.08,
1013,SPX,20040429,1122.41,1113.89,1128.8,1108.02,1122.41,-8.52,-0.76,1.85,
1014,SPX,20040428,1138.11,1122.41,1138.11,1121.7,1138.11,-15.71,-1.38,1.44,
1015,SPX,20040427,1135.91,1138.11,1146.84,1135.53,1135.53,2.58,0.23,1.0,
1016,SPX,20040426,1140.37,1135.53,1145.08,1132.91,1140.6,-5.07,-0.44,1.07,
1017,SPX,20040423,1139.93,1140.6,1141.75,1134.89,1139.93,0.67,0.06,0.6,
1018,SPX,20040422,1124.09,1139.93,1142.77,1121.92,1124.09,15.84,1.41,1.85,
1019,SPX,20040421,1118.15,1124.09,1125.72,1116.03,1118.15,5.94,0.53,0.87,
1020,SPX,20040420,1135.82,1118.15,1139.26,1118.09,1135.82,-17.67,-1.56,1.86,
1021,SPX,20040419,1134.56,1135.82,1136.18,1129.84,1134.61,1.21,0.11,0.56,
1022,SPX,20040416,1129.65,1134.61,1136.8,1126.79,1128.84,5.78,0.51,0.89,
1023,SPX,20040415,1128.17,1128.84,1134.08,1120.75,1128.17,0.67,0.06,1.18,
1024,SPX,20040414,1129.44,1128.17,1132.52,1122.15,1129.44,-1.27,-0.11,0.92,
1025,SPX,20040413,1145.2,1129.44,1147.81,1127.7,1145.2,-15.76,-1.38,1.76,
1026,SPX,20040412,1139.87,1145.2,1147.29,1139.32,1139.32,5.89,0.52,0.7,
1027,SPX,20040408,1140.53,1139.32,1148.97,1134.52,1140.53,-1.21,-0.11,1.27,
1028,SPX,20040407,1148.16,1140.53,1148.16,1138.41,1148.16,-7.63,-0.66,0.85,
1029,SPX,20040406,1150.57,1148.16,1150.57,1143.3,1150.57,-2.41,-0.21,0.63,
1030,SPX,20040405,1141.81,1150.57,1150.57,1141.64,1141.81,8.76,0.77,0.78,
1031,SPX,20040402,1135.87,1141.81,1144.81,1132.17,1132.17,9.64,0.85,1.12,
1032,SPX,20040401,1126.2,1132.17,1135.67,1126.2,1126.21,5.96,0.53,0.84,
